membership_id,check_in_date,check_in_time,check_out_time
NL318,2018-02-12,03:29:00,04:05:00
NL318,2017-08-11,05:09:00,09:20:00
NL318,2018-04-29,05:06:00,05:54:00
NL318,2018-01-28,01:24:00,07:59:00
NL318,2017-10-27,04:18:00,10:19:00
NL318,2017-10-18,06:08:00,11:14:00
NL318,2017-11-27,08:50:00,09:54:00
NL318,2017-06-27,06:31:00,07:15:00
NL318,2018-01-14,08:17:00,08:13:00
NL318,2017-11-07,01:48:00,05:00:00
NL318,2017-04-20,06:47:00,11:13:00
NL318,2018-01-10,05:16:00,05:38:00
NL318,2017-12-06,09:32:00,12:37:00
NL318,2018-02-20,03:12:00,11:18:00
NL318,2017-05-27,08:51:00,11:11:00
NL318,2017-06-25,02:01:00,05:42:00
NL318,2017-03-24,02:36:00,10:43:00
NL318,2018-02-24,03:02:00,04:38:00
NL318,2017-05-07,06:45:00,10:47:00
NL318,2018-02-16,01:26:00,06:49:00
NL318,2017-01-20,10:15:00,11:04:00
NL318,2017-02-20,04:07:00,06:07:00
NL318,2017-04-17,04:06:00,06:49:00
NL318,2017-08-20,02:37:00,11:10:00
NL318,2017-01-21,05:16:00,06:48:00
NL318,2018-01-16,04:14:00,11:30:00
AOE21,2018-04-14,10:34:00,11:27:00
AOE21,2017-02-20,09:32:00,12:21:00
AOE21,2017-08-02,10:27:00,10:55:00
AOE21,2017-11-06,10:08:00,10:43:00
AOE21,2018-01-12,05:32:00,09:07:00
AOE21,2017-11-03,06:47:00,07:58:00
AOE21,2017-05-30,07:34:00,11:18:00
AOE21,2017-07-26,07:21:00,11:33:00
2PN28,2017-01-22,09:06:00,09:44:00
2PN28,2017-12-29,05:39:00,08:15:00
2PN28,2017-08-23,00:21:00,06:52:00
2PN28,2017-07-18,02:11:00,06:10:00
2PN28,2017-04-14,07:37:00,09:36:00
2PN28,2017-03-09,01:09:00,02:21:00
2PN28,2017-11-21,10:10:00,11:53:00
2PN28,2017-06-15,06:52:00,12:07:00
0YJ24,2017-05-01,05:25:00,08:38:00
0YJ24,2017-06-14,07:11:00,08:00:00
0YJ24,2018-04-25,11:24:00,11:34:00
0YJ24,2017-08-24,01:30:00,05:08:00
0YJ24,2018-04-22,11:14:00,11:33:00
0YJ24,2017-02-10,04:30:00,05:36:00
0YJ24,2018-04-26,11:19:00,11:06:00
0YJ24,2017-08-06,11:57:00,12:00:00
0YJ24,2018-03-13,11:08:00,11:02:00
0YJ24,2018-03-31,08:38:00,09:34:00
0YJ24,2017-07-26,04:02:00,06:10:00
0YJ24,2018-03-29,09:10:00,09:29:00
0YJ24,2017-10-07,06:17:00,10:04:00
3A08L,2017-09-17,02:29:00,03:39:00
3A08L,2018-03-10,11:11:00,11:39:00
3A08L,2017-05-24,02:48:00,12:36:00
6W6I2,2018-02-02,08:14:00,09:52:00
6W6I2,2018-01-26,01:28:00,04:28:00
6W6I2,2018-01-23,02:17:00,08:19:00
6W6I2,2017-02-15,10:17:00,11:08:00
6W6I2,2017-02-19,08:43:00,10:12:00
6W6I2,2017-07-21,11:26:00,12:13:00
5Y28Y,2017-06-10,10:23:00,12:38:00
5Y28Y,2017-04-15,06:52:00,09:16:00
5Y28Y,2018-02-07,03:06:00,07:15:00
156A7,2017-04-11,04:11:00,09:07:00
156A7,2018-01-13,08:19:00,10:04:00
156A7,2017-10-02,10:35:00,12:28:00
156A7,2017-08-21,06:30:00,09:54:00
156A7,2017-05-17,02:36:00,08:01:00
156A7,2017-10-24,01:05:00,06:30:00
156A7,2018-03-29,06:36:00,09:17:00
156A7,2018-01-28,01:20:00,10:30:00
156A7,2017-10-13,09:39:00,10:45:00
156A7,2017-07-08,07:33:00,11:18:00
156A7,2018-01-04,11:49:00,12:08:00
156A7,2018-03-27,02:13:00,05:08:00
156A7,2017-09-09,06:38:00,11:24:00
156A7,2017-05-16,09:06:00,10:12:00
156A7,2017-12-31,05:52:00,11:27:00
156A7,2017-04-05,03:16:00,03:08:00
156A7,2018-01-06,02:41:00,03:11:00
156A7,2017-08-27,07:59:00,10:15:00
156A7,2017-01-14,07:56:00,08:59:00
156A7,2017-06-29,02:02:00,05:03:00
156A7,2017-03-30,04:32:00,09:34:00
156A7,2017-12-01,10:20:00,11:12:00
156A7,2017-04-09,11:30:00,12:04:00
156A7,2017-06-30,01:59:00,06:33:00
156A7,2017-04-09,01:18:00,08:36:00
156A7,2017-05-18,01:50:00,07:24:00
156A7,2017-05-24,01:35:00,04:13:00
156A7,2017-02-12,10:55:00,11:09:00
156A7,2018-04-24,08:12:00,10:29:00
A5N3S,2017-11-01,06:46:00,11:02:00
A5N3S,2017-10-25,01:05:00,06:36:00
A5N3S,2017-08-15,10:28:00,12:37:00
A5N3S,2017-02-21,02:03:00,04:01:00
A5N3S,2018-01-01,08:12:00,10:46:00
A5N3S,2017-03-13,06:04:00,09:55:00
A5N3S,2017-12-01,01:20:00,02:14:00
A5N3S,2017-01-27,06:19:00,07:35:00
A5N3S,2018-03-16,04:36:00,11:31:00
A5N3S,2017-01-21,12:14:00,12:25:00
A5N3S,2017-10-08,05:04:00,11:22:00
A5N3S,2017-02-26,01:34:00,05:25:00
A5N3S,2017-09-24,04:32:00,12:19:00
A5N3S,2017-09-21,07:12:00,10:32:00
A5N3S,2017-11-10,07:55:00,11:44:00
X0643,2017-05-16,08:38:00,12:18:00
X0643,2017-01-14,01:05:00,03:27:00
X0643,2018-01-09,09:57:00,12:04:00
X0643,2018-01-11,11:17:00,11:21:00
X0643,2017-03-12,10:26:00,11:49:00
X0643,2017-06-28,02:45:00,10:03:00
8T75D,2017-04-02,00:18:00,11:38:00
8T75D,2017-06-01,10:27:00,12:05:00
8T75D,2017-11-12,04:10:00,07:35:00
8T75D,2018-01-13,07:00:00,09:52:00
8T75D,2018-04-13,06:36:00,07:11:00
8T75D,2017-03-27,06:38:00,07:02:00
8T75D,2017-10-04,11:38:00,12:20:00
8T75D,2017-02-08,00:39:00,11:33:00
8T75D,2017-08-01,00:34:00,07:12:00
8T75D,2017-07-20,08:17:00,08:27:00
8T75D,2018-01-30,01:38:00,11:33:00
8T75D,2018-03-29,04:37:00,06:10:00
8T75D,2018-02-13,02:19:00,10:33:00
8T75D,2018-03-13,09:41:00,10:44:00
8T75D,2018-01-23,07:26:00,10:16:00
8T75D,2017-02-15,04:01:00,09:41:00
8T75D,2018-04-21,02:00:00,06:06:00
8T75D,2017-05-23,05:17:00,06:19:00
8T75D,2017-10-09,11:47:00,12:21:00
8T75D,2017-11-13,01:17:00,08:18:00
8T75D,2018-01-11,02:02:00,03:28:00
8T75D,2017-08-23,04:27:00,05:11:00
8T75D,2018-02-19,06:28:00,10:28:00
R440Q,2017-09-08,04:14:00,12:19:00
R440Q,2017-09-23,11:17:00,11:23:00
R440Q,2017-02-03,08:19:00,11:36:00
R440Q,2018-03-29,08:09:00,10:00:00
R440Q,2017-12-06,08:15:00,08:30:00
R440Q,2017-01-21,08:56:00,09:27:00
R440Q,2017-11-21,02:37:00,03:02:00
R440Q,2017-02-20,01:19:00,05:14:00
R440Q,2017-12-24,09:28:00,10:35:00
R440Q,2017-02-02,09:39:00,11:04:00
R440Q,2017-09-04,03:19:00,08:36:00
R440Q,2017-09-06,10:51:00,11:03:00
R440Q,2017-06-26,02:24:00,10:33:00
R440Q,2018-02-23,12:14:00,12:28:00
R440Q,2017-03-15,01:29:00,10:21:00
R440Q,2018-04-26,08:06:00,09:52:00
R440Q,2017-10-22,07:38:00,08:19:00
R4J4S,2017-01-06,01:27:00,09:45:00
R4J4S,2018-04-25,07:45:00,11:20:00
R4J4S,2018-03-05,08:12:00,10:25:00
R4J4S,2017-10-07,05:03:00,05:44:00
R4J4S,2017-05-31,10:46:00,11:09:00
R4J4S,2017-09-14,11:09:00,11:50:00
R4J4S,2017-01-20,06:50:00,09:03:00
R4J4S,2017-08-21,05:32:00,07:37:00
R4J4S,2018-03-04,01:11:00,09:00:00
R4J4S,2018-03-24,09:06:00,12:19:00
R4J4S,2018-03-22,11:07:00,11:10:00
K055L,2017-12-17,09:01:00,11:26:00
K055L,2017-10-20,02:47:00,05:12:00
K055L,2017-09-10,03:21:00,11:18:00
K055L,2017-10-22,08:00:00,09:12:00
K055L,2017-05-18,09:24:00,11:02:00
K055L,2017-07-11,09:46:00,10:04:00
K055L,2018-02-15,10:56:00,11:37:00
K055L,2017-12-22,04:33:00,07:13:00
K055L,2017-08-31,07:38:00,12:39:00
338FV,2017-10-29,03:19:00,03:06:00
338FV,2017-05-25,01:22:00,03:04:00
338FV,2017-06-04,03:15:00,04:15:00
338FV,2017-08-26,07:03:00,10:30:00
338FV,2017-01-26,08:12:00,11:20:00
338FV,2018-04-03,05:57:00,11:11:00
338FV,2018-01-28,09:12:00,10:52:00
338FV,2018-02-17,08:18:00,08:30:00
338FV,2018-01-19,08:34:00,08:06:00
338FV,2018-03-10,09:25:00,10:29:00
338FV,2017-07-01,04:28:00,11:03:00
338FV,2017-09-27,10:38:00,11:29:00
338FV,2017-09-21,06:15:00,07:26:00
338FV,2018-02-09,08:01:00,11:59:00
338FV,2017-01-11,04:10:00,10:30:00
338FV,2017-06-26,07:04:00,10:24:00
401Y4,2018-04-09,01:30:00,02:38:00
401Y4,2017-12-03,07:39:00,11:11:00
401Y4,2017-04-08,08:16:00,10:13:00
401Y4,2017-05-03,01:20:00,10:11:00
401Y4,2017-01-16,00:05:00,09:28:00
401Y4,2017-02-04,07:21:00,08:14:00
401Y4,2017-12-23,01:38:00,06:35:00
401Y4,2017-05-27,07:15:00,09:37:00
401Y4,2018-04-23,01:39:00,07:04:00
401Y4,2018-04-10,09:11:00,09:43:00
401Y4,2017-08-25,04:25:00,09:11:00
401Y4,2017-06-20,04:04:00,10:17:00
401Y4,2017-05-31,08:13:00,10:26:00
401Y4,2017-02-26,02:41:00,06:35:00
401Y4,2017-10-10,07:33:00,10:33:00
401Y4,2017-06-11,06:01:00,12:30:00
401Y4,2017-05-09,07:25:00,11:09:00
401Y4,2017-07-30,05:01:00,07:28:00
401Y4,2017-09-15,04:41:00,05:01:00
401Y4,2017-12-30,01:12:00,02:08:00
401Y4,2017-04-04,09:06:00,10:43:00
DEQP8,2018-01-06,04:09:00,09:19:00
DEQP8,2017-12-15,06:41:00,10:10:00
DEQP8,2017-01-23,06:24:00,08:06:00
DEQP8,2017-11-29,07:29:00,09:35:00
DEQP8,2017-07-27,02:27:00,12:32:00
DEQP8,2018-03-11,01:06:00,03:14:00
DEQP8,2018-02-21,00:51:00,07:50:00
DEQP8,2017-12-03,06:15:00,08:17:00
N7F6U,2017-04-21,02:45:00,09:38:00
N7F6U,2017-02-22,02:03:00,11:04:00
N7F6U,2017-04-25,01:08:00,04:15:00
N7F6U,2017-09-10,04:13:00,08:07:00
N7F6U,2017-03-06,04:08:00,07:55:00
N7F6U,2017-11-11,07:36:00,11:50:00
N7F6U,2017-01-16,10:03:00,11:46:00
N7F6U,2017-08-09,01:08:00,10:20:00
N7F6U,2018-02-08,03:51:00,08:00:00
N7F6U,2017-02-24,11:31:00,11:38:00
N7F6U,2017-08-10,03:20:00,12:30:00
N7F6U,2017-10-02,03:44:00,10:12:00
N7F6U,2018-02-16,09:34:00,11:20:00
N7F6U,2017-01-20,12:36:00,12:39:00
Z7Y82,2017-01-23,07:18:00,08:02:00
Z7Y82,2017-04-18,06:38:00,12:19:00
Z7Y82,2017-07-23,09:03:00,12:28:00
Z7Y82,2017-12-25,06:14:00,08:32:00
Z7Y82,2018-02-13,05:09:00,05:55:00
Z7Y82,2018-02-23,04:47:00,06:59:00
Z7Y82,2018-04-17,12:23:00,12:32:00
Z7Y82,2017-09-25,11:29:00,12:16:00
THJ81,2017-11-09,10:43:00,11:08:00
THJ81,2018-04-12,02:19:00,06:15:00
THJ81,2017-09-20,02:26:00,10:40:00
THJ81,2018-02-23,01:29:00,05:37:00
THJ81,2017-12-09,03:53:00,07:34:00
THJ81,2017-07-04,10:16:00,12:16:00
THJ81,2018-03-03,01:24:00,11:12:00
THJ81,2017-05-31,11:28:00,12:01:00
THJ81,2017-07-18,06:10:00,09:19:00
THJ81,2017-01-16,07:26:00,11:13:00
THJ81,2017-06-01,06:07:00,11:32:00
THJ81,2017-12-08,05:09:00,06:10:00
51SWX,2017-08-09,12:11:00,12:29:00
51SWX,2017-04-13,05:32:00,11:41:00
51SWX,2017-04-07,11:24:00,12:25:00
51SWX,2018-01-04,03:27:00,06:25:00
51SWX,2017-02-17,12:16:00,12:17:00
4TZ45,2017-10-08,06:20:00,09:35:00
4TZ45,2018-01-28,06:10:00,12:16:00
4TZ45,2017-05-27,09:31:00,09:22:00
4TZ45,2017-02-13,02:37:00,05:14:00
5Y85X,2017-12-11,01:07:00,05:00:00
5Y85X,2017-09-13,11:11:00,11:46:00
5Y85X,2017-05-16,10:33:00,11:41:00
5Y85X,2017-08-14,00:10:00,03:35:00
5Y85X,2017-05-23,04:30:00,06:43:00
5Y85X,2018-01-16,03:20:00,11:25:00
5Y85X,2017-05-26,01:56:00,08:24:00
5Y85X,2017-10-14,09:23:00,11:40:00
5Y85X,2017-08-10,12:07:00,12:09:00
5Y85X,2017-04-19,06:30:00,09:17:00
5Y85X,2017-03-24,04:20:00,12:11:00
5Y85X,2018-01-06,12:35:00,12:00:00
5Y85X,2017-07-01,02:18:00,03:58:00
5Y85X,2017-12-18,04:42:00,07:02:00
5Y85X,2017-04-17,02:21:00,02:48:00
5Y85X,2017-05-25,02:15:00,07:04:00
5Y85X,2017-01-04,09:51:00,10:19:00
5Y85X,2017-06-04,03:19:00,04:14:00
5Y85X,2017-08-16,11:15:00,11:55:00
5Y85X,2018-02-16,06:30:00,11:17:00
5Y85X,2017-09-09,01:01:00,08:01:00
2Q45D,2017-08-09,11:05:00,12:36:00
2Q45D,2017-10-19,08:27:00,08:30:00
2Q45D,2017-01-27,11:48:00,12:32:00
2Q45D,2017-10-14,07:58:00,09:35:00
2Q45D,2017-06-24,10:59:00,12:36:00
2Q45D,2017-12-29,10:51:00,11:10:00
2Q45D,2018-03-05,04:14:00,09:36:00
2Q45D,2018-01-24,09:01:00,11:19:00
2Q45D,2017-02-08,01:37:00,11:33:00
2Q45D,2017-12-27,00:04:00,12:28:00
2Q45D,2018-03-03,06:13:00,07:11:00
2Q45D,2017-12-16,10:10:00,11:29:00
2Q45D,2017-09-14,07:11:00,08:53:00
2Q45D,2017-10-18,00:13:00,10:15:00
E43E8,2017-04-26,01:58:00,09:54:00
E43E8,2018-01-01,07:28:00,11:30:00
E43E8,2017-05-28,05:32:00,08:30:00
E43E8,2017-03-07,05:29:00,10:38:00
E43E8,2017-11-17,09:05:00,10:01:00
E43E8,2017-10-13,02:01:00,03:42:00
E43E8,2017-09-06,03:06:00,06:13:00
E43E8,2018-02-26,05:14:00,07:43:00
E43E8,2018-04-26,02:56:00,07:06:00
TXNSC,2017-03-26,11:05:00,12:00:00
TXNSC,2017-05-22,04:50:00,08:50:00
TXNSC,2017-02-25,08:19:00,09:31:00
TXNSC,2018-02-12,09:43:00,10:14:00
TXNSC,2017-07-29,06:16:00,08:42:00
TXNSC,2017-08-10,02:13:00,08:30:00
TXNSC,2017-11-29,10:04:00,12:07:00
TXNSC,2017-10-10,04:09:00,10:31:00
TXNSC,2017-07-20,08:01:00,11:40:00
TXNSC,2017-03-22,07:20:00,10:15:00
TXNSC,2017-06-14,01:13:00,07:31:00
TXNSC,2017-10-16,03:13:00,03:16:00
TXNSC,2017-02-07,06:08:00,11:53:00
TXNSC,2017-04-27,09:09:00,12:11:00
TXNSC,2017-02-21,09:30:00,10:30:00
TXNSC,2017-02-20,06:55:00,10:31:00
TXNSC,2017-08-03,00:47:00,02:17:00
TXNSC,2017-04-26,11:06:00,11:36:00
TXNSC,2017-12-05,00:34:00,07:32:00
TXNSC,2017-12-01,06:30:00,08:42:00
TXNSC,2017-09-27,08:28:00,09:20:00
TXNSC,2017-10-09,08:06:00,12:28:00
TXNSC,2017-03-25,00:44:00,05:06:00
TXNSC,2018-02-15,02:16:00,08:43:00
TXNSC,2017-04-05,10:48:00,11:35:00
TXNSC,2017-12-04,05:30:00,07:23:00
TXNSC,2017-10-23,03:30:00,06:23:00
TXNSC,2017-02-01,08:05:00,11:37:00
1G2F7,2018-04-28,11:04:00,11:44:00
1G2F7,2017-12-11,11:54:00,12:18:00
1G2F7,2017-07-08,09:32:00,12:07:00
1G2F7,2017-05-09,08:44:00,11:41:00
1G2F7,2017-12-22,07:37:00,10:31:00
1G2F7,2017-06-08,03:33:00,06:05:00
0862D,2017-11-04,05:38:00,08:56:00
0862D,2018-01-17,07:23:00,08:22:00
0862D,2017-01-12,05:32:00,09:59:00
1G205,2017-08-11,02:29:00,03:58:00
1G205,2017-05-14,03:10:00,07:01:00
1G205,2017-04-10,11:25:00,12:03:00
1G205,2017-12-09,09:11:00,11:51:00
1G205,2017-05-27,01:39:00,03:11:00
1G205,2017-04-19,10:21:00,10:46:00
1G205,2017-03-08,07:34:00,10:20:00
1G205,2017-06-20,10:17:00,11:21:00
1G205,2017-11-15,10:31:00,10:38:00
6071T,2017-06-03,03:27:00,05:01:00
6071T,2017-07-27,04:30:00,09:09:00
6071T,2018-02-03,01:15:00,09:39:00
6071T,2017-08-16,06:06:00,11:43:00
6071T,2017-10-03,10:19:00,10:50:00
6071T,2017-09-20,04:40:00,04:44:00
6071T,2017-05-02,09:57:00,12:20:00
6071T,2017-05-09,01:22:00,03:06:00
6071T,2018-03-29,08:03:00,11:36:00
6071T,2017-03-04,09:36:00,11:24:00
6071T,2017-01-16,12:24:00,12:00:00
6071T,2017-08-07,07:59:00,12:24:00
6071T,2017-02-07,09:04:00,09:12:00
6071T,2018-04-28,07:10:00,07:59:00
6071T,2017-10-11,08:18:00,10:03:00
6071T,2017-12-31,10:55:00,12:03:00
4D5R1,2017-03-18,01:23:00,05:33:00
4D5R1,2017-11-17,07:57:00,12:38:00
4D5R1,2018-02-02,09:56:00,10:24:00
4D5R1,2018-03-28,10:16:00,12:30:00
4D5R1,2017-06-07,08:11:00,11:24:00
4D5R1,2017-04-07,03:20:00,07:23:00
4D5R1,2017-08-28,11:10:00,12:27:00
4D5R1,2018-03-04,01:25:00,01:40:00
4D5R1,2018-04-06,04:03:00,09:36:00
4D5R1,2017-09-11,04:05:00,11:46:00
4D5R1,2017-05-30,05:45:00,09:21:00
4D5R1,2017-02-04,08:31:00,11:22:00
4D5R1,2017-10-28,09:02:00,12:15:00
4D5R1,2017-01-09,00:05:00,04:51:00
4D5R1,2017-07-14,02:44:00,04:42:00
4D5R1,2017-12-23,06:57:00,09:41:00
4D5R1,2017-11-19,05:17:00,06:35:00
4D5R1,2018-02-18,11:15:00,11:04:00
4D5R1,2017-03-02,04:17:00,05:45:00
4D5R1,2017-05-11,10:07:00,10:41:00
4D5R1,2018-02-03,04:11:00,09:07:00
4D5R1,2017-02-04,04:37:00,08:28:00
4D5R1,2017-06-11,03:30:00,07:36:00
4D5R1,2017-12-27,01:33:00,09:04:00
82GA2,2017-01-01,04:31:00,11:16:00
82GA2,2017-03-23,12:03:00,12:06:00
82GA2,2017-08-07,01:30:00,03:44:00
82GA2,2018-04-02,08:17:00,11:04:00
82GA2,2017-11-14,05:29:00,07:23:00
82GA2,2017-12-25,10:09:00,11:55:00
82GA2,2017-07-28,11:22:00,11:51:00
82GA2,2017-12-05,01:09:00,07:24:00
82GA2,2017-10-31,10:35:00,11:50:00
82GA2,2017-11-26,02:58:00,07:32:00
82GA2,2018-03-23,09:39:00,11:35:00
82GA2,2017-03-15,00:22:00,07:28:00
82GA2,2017-06-29,05:19:00,12:17:00
82GA2,2017-12-19,09:33:00,10:24:00
82GA2,2017-07-16,00:10:00,09:09:00
82GA2,2018-01-08,10:20:00,10:35:00
82GA2,2017-11-09,01:57:00,07:09:00
82GA2,2017-09-10,04:10:00,05:02:00
W83OD,2017-05-25,07:23:00,10:52:00
W83OD,2018-01-23,07:14:00,08:13:00
W83OD,2017-12-16,00:07:00,05:02:00
W83OD,2017-01-26,03:42:00,09:29:00
W83OD,2018-01-25,04:28:00,11:22:00
12C5R,2017-11-08,08:49:00,10:22:00
12C5R,2017-01-30,03:24:00,08:36:00
12C5R,2017-12-07,04:45:00,09:00:00
12C5R,2018-04-29,01:41:00,09:22:00
12C5R,2018-01-21,03:43:00,09:50:00
12C5R,2017-04-20,04:27:00,06:06:00
12C5R,2018-01-31,04:23:00,05:46:00
12C5R,2017-12-29,12:14:00,12:29:00
12C5R,2017-08-05,10:12:00,10:15:00
12C5R,2017-10-29,05:11:00,05:11:00
12C5R,2017-03-14,05:44:00,07:26:00
12C5R,2018-01-14,05:13:00,11:46:00
12C5R,2018-03-12,09:12:00,12:26:00
12C5R,2017-05-19,11:40:00,11:51:00
12C5R,2018-01-29,08:27:00,12:22:00
12C5R,2017-09-08,01:39:00,07:53:00
8AEAE,2017-10-08,06:04:00,07:29:00
8AEAE,2017-10-25,09:51:00,12:00:00
8AEAE,2017-11-10,09:39:00,10:13:00
8AEAE,2018-02-17,08:22:00,10:46:00
T80FG,2017-06-12,02:39:00,04:37:00
T80FG,2017-09-22,02:02:00,05:02:00
T80FG,2017-09-17,03:27:00,07:39:00
T80FG,2017-07-26,00:17:00,09:52:00
T80FG,2018-01-27,00:19:00,01:24:00
T80FG,2017-10-23,02:42:00,05:26:00
T80FG,2017-08-21,02:21:00,07:12:00
T80FG,2017-10-22,05:23:00,05:02:00
T80FG,2017-06-06,11:01:00,11:10:00
T80FG,2018-01-02,01:45:00,06:46:00
T80FG,2017-11-25,08:15:00,09:20:00
T80FG,2018-01-06,00:08:00,07:19:00
T80FG,2017-11-15,02:28:00,05:30:00
T80FG,2017-12-26,06:21:00,11:21:00
T80FG,2017-08-17,07:04:00,08:02:00
T80FG,2017-07-23,05:58:00,06:41:00
T80FG,2017-06-12,00:36:00,09:24:00
T80FG,2018-01-27,01:41:00,03:16:00
T80FG,2017-04-07,05:39:00,10:56:00
T80FG,2017-06-09,12:31:00,12:38:00
T80FG,2017-03-15,00:42:00,01:01:00
T80FG,2017-02-12,05:12:00,05:27:00
T80FG,2017-04-11,05:33:00,06:39:00
T80FG,2017-03-19,12:16:00,12:23:00
T80FG,2018-04-17,02:19:00,08:29:00
T80FG,2018-02-16,05:15:00,09:45:00
T80FG,2017-12-27,04:13:00,06:09:00
T80FG,2018-01-17,06:25:00,10:20:00
0CR33,2017-10-19,10:10:00,12:30:00
0CR33,2017-09-25,12:06:00,12:18:00
0CR33,2017-07-21,08:28:00,09:18:00
0CR33,2017-08-29,07:28:00,07:28:00
0CR33,2017-11-28,11:10:00,11:46:00
0CR33,2017-03-12,06:30:00,07:46:00
0CR33,2017-04-06,06:19:00,10:03:00
0CR33,2017-08-18,04:15:00,11:40:00
4JX11,2017-11-27,09:20:00,10:55:00
4JX11,2017-01-10,04:02:00,10:43:00
4JX11,2017-05-03,03:02:00,11:17:00
4JX11,2018-01-05,08:10:00,09:22:00
4JX11,2017-06-29,06:25:00,08:21:00
4JX11,2017-05-13,02:08:00,07:39:00
4JX11,2017-10-09,04:19:00,05:31:00
4JX11,2017-11-08,06:41:00,08:30:00
4JX11,2018-04-16,05:22:00,10:35:00
4JX11,2018-04-27,04:05:00,06:07:00
4JX11,2017-02-21,07:00:00,09:36:00
4JX11,2017-06-04,06:01:00,07:34:00
4JX11,2017-02-03,05:58:00,10:47:00
4JX11,2017-07-01,08:31:00,09:19:00
4JX11,2017-02-11,05:35:00,07:38:00
4JX11,2018-04-18,07:25:00,10:34:00
4JX11,2017-11-22,06:55:00,07:10:00
4JX11,2018-03-24,08:55:00,12:17:00
4JX11,2017-01-18,04:06:00,07:55:00
4JX11,2017-11-18,11:49:00,12:13:00
4JX11,2017-08-21,05:36:00,06:58:00
4JX11,2017-11-29,05:02:00,05:13:00
4JX11,2017-06-04,10:04:00,10:11:00
4JX11,2017-02-07,06:34:00,08:00:00
4JX11,2017-11-01,09:25:00,12:20:00
4JX11,2017-05-31,08:35:00,11:18:00
4JX11,2017-03-15,07:08:00,11:44:00
4JX11,2017-08-31,09:22:00,11:58:00
GHDP5,2017-08-07,11:27:00,11:24:00
GHDP5,2017-12-25,08:04:00,08:32:00
GHDP5,2017-03-02,10:31:00,10:43:00
GHDP5,2017-11-13,10:29:00,10:11:00
GHDP5,2017-02-15,11:21:00,11:45:00
GHDP5,2017-07-03,09:56:00,10:15:00
GHDP5,2018-04-24,01:38:00,05:12:00
GHDP5,2018-04-29,10:04:00,10:02:00
GHDP5,2017-02-01,07:45:00,09:15:00
D8FT1,2017-02-17,06:19:00,08:48:00
D8FT1,2017-04-08,10:09:00,11:08:00
D8FT1,2017-06-01,08:35:00,09:28:00
D8FT1,2017-10-22,03:40:00,11:25:00
D8FT1,2017-08-11,10:37:00,10:04:00
D8FT1,2017-11-07,00:43:00,06:20:00
D8FT1,2017-03-19,02:33:00,10:27:00
D8FT1,2017-01-05,11:34:00,11:34:00
D8FT1,2017-11-06,10:41:00,11:45:00
D8FT1,2017-01-20,10:30:00,10:34:00
D8FT1,2017-02-10,05:42:00,10:03:00
D8FT1,2017-09-17,00:20:00,03:24:00
D8FT1,2018-04-23,11:03:00,11:54:00
D8FT1,2017-02-25,02:17:00,05:10:00
0U51D,2017-03-09,06:33:00,09:38:00
0U51D,2018-02-24,07:18:00,10:36:00
0U51D,2017-05-31,05:59:00,06:08:00
0U51D,2017-03-06,04:57:00,07:19:00
0U51D,2018-05-01,01:28:00,02:18:00
355UU,2018-04-18,10:04:00,10:19:00
355UU,2017-01-02,07:49:00,08:13:00
355UU,2017-05-13,10:31:00,12:17:00
355UU,2018-03-30,08:07:00,11:38:00
V5260,2018-04-26,11:28:00,12:15:00
V5260,2017-08-04,00:55:00,11:38:00
V5260,2018-01-23,02:20:00,09:05:00
V5260,2017-09-08,05:31:00,08:07:00
V5260,2018-02-28,07:13:00,07:50:00
V5260,2017-03-27,07:13:00,08:25:00
V5260,2017-07-05,02:08:00,09:41:00
V5260,2017-06-06,05:57:00,06:50:00
6K7I8,2017-03-28,05:41:00,08:54:00
6K7I8,2018-04-29,01:14:00,10:32:00
6K7I8,2017-05-30,11:28:00,12:24:00
6K7I8,2017-09-26,10:22:00,11:02:00
6K7I8,2017-01-10,10:38:00,11:10:00
6K7I8,2017-11-25,09:57:00,12:00:00
6K7I8,2017-04-27,02:17:00,04:45:00
6K7I8,2017-02-20,05:01:00,11:07:00
6K7I8,2017-06-30,04:07:00,12:00:00
6K7I8,2017-10-06,08:18:00,11:17:00
6K7I8,2018-04-11,06:12:00,09:03:00
KE0FH,2018-02-09,01:38:00,07:11:00
KE0FH,2017-09-02,08:48:00,09:16:00
KE0FH,2017-02-04,11:10:00,12:00:00
KE0FH,2017-08-23,05:01:00,05:15:00
KE0FH,2017-06-06,07:19:00,09:23:00
KE0FH,2017-02-20,06:03:00,08:18:00
KE0FH,2017-01-07,06:45:00,11:07:00
KE0FH,2017-01-28,08:24:00,11:08:00
KE0FH,2017-08-30,07:01:00,12:29:00
KE0FH,2017-12-03,05:37:00,11:20:00
KE0FH,2018-01-01,05:52:00,09:18:00
KE0FH,2017-08-05,05:10:00,06:38:00
KE0FH,2017-03-29,08:58:00,09:18:00
KE0FH,2017-08-02,10:20:00,11:00:00
KE0FH,2017-11-04,07:37:00,08:31:00
KE0FH,2017-01-01,04:15:00,04:47:00
KE0FH,2017-02-04,02:38:00,02:18:00
KE0FH,2018-04-18,10:01:00,10:13:00
KE0FH,2018-03-20,10:59:00,11:16:00
KE0FH,2017-08-24,02:50:00,08:27:00
KE0FH,2018-01-23,07:18:00,08:08:00
KE0FH,2017-03-06,06:14:00,09:14:00
133ED,2018-03-03,05:22:00,08:14:00
133ED,2018-04-05,00:23:00,05:37:00
133ED,2017-03-17,12:10:00,12:36:00
133ED,2017-10-15,04:07:00,08:34:00
133ED,2018-04-22,01:26:00,08:27:00
133ED,2017-09-14,11:21:00,11:59:00
133ED,2018-04-16,07:06:00,07:55:00
133ED,2017-03-07,11:02:00,12:06:00
133ED,2017-06-11,05:30:00,06:31:00
133ED,2017-06-25,08:18:00,11:50:00
133ED,2017-10-14,00:31:00,11:35:00
133ED,2017-05-31,11:33:00,11:00:00
133ED,2018-01-14,06:40:00,08:01:00
133ED,2017-02-03,00:11:00,11:27:00
133ED,2018-04-30,12:37:00,12:00:00
2B01Y,2017-04-11,01:29:00,09:20:00
2B01Y,2017-01-25,04:38:00,06:31:00
2B01Y,2017-11-08,01:17:00,05:23:00
2B01Y,2018-02-05,08:57:00,11:07:00
2B01Y,2018-03-28,03:35:00,04:36:00
2B01Y,2017-07-19,11:02:00,11:38:00
2B01Y,2017-04-13,04:30:00,09:12:00
2B01Y,2017-04-09,00:53:00,05:32:00
2B01Y,2017-06-10,07:03:00,08:48:00
2B01Y,2017-08-24,10:57:00,11:29:00
2B01Y,2017-09-24,07:15:00,08:37:00
2B01Y,2017-09-18,06:06:00,10:21:00
2B01Y,2018-04-28,02:27:00,05:24:00
2B01Y,2018-03-12,11:31:00,11:31:00
2B01Y,2017-07-28,08:29:00,08:12:00
2B01Y,2017-03-31,09:02:00,11:00:00
2B01Y,2017-06-11,08:37:00,09:30:00
8SJ77,2017-07-13,08:26:00,10:13:00
8SJ77,2017-05-09,10:36:00,12:15:00
8SJ77,2017-12-24,02:27:00,05:00:00
8SJ77,2017-06-07,07:27:00,07:29:00
8SJ77,2017-11-28,02:56:00,03:24:00
8SJ77,2017-06-17,11:25:00,12:29:00
8SJ77,2017-06-03,11:27:00,11:42:00
8SJ77,2017-02-28,12:09:00,12:12:00
8SJ77,2018-01-11,07:19:00,10:03:00
8SJ77,2018-04-19,09:48:00,12:37:00
8SJ77,2017-11-07,02:04:00,06:20:00
7I67C,2017-04-15,06:01:00,07:16:00
7I67C,2018-03-15,09:30:00,09:47:00
0F76P,2018-03-07,10:19:00,10:11:00
0F76P,2018-02-11,01:02:00,10:28:00
0F76P,2017-10-07,07:10:00,07:37:00
0F76P,2017-05-26,02:32:00,11:50:00
0F76P,2018-03-09,10:55:00,12:37:00
ZAB1A,2017-10-18,08:03:00,10:31:00
ZAB1A,2017-01-17,00:59:00,04:18:00
ZAB1A,2017-12-24,02:29:00,11:32:00
ZAB1A,2017-11-05,07:20:00,08:16:00
ZAB1A,2017-01-27,04:59:00,08:38:00
ZAB1A,2017-07-30,01:21:00,02:12:00
ZAB1A,2017-04-03,00:04:00,00:12:00
ZAB1A,2018-03-19,00:44:00,01:01:00
ZAB1A,2017-05-24,06:41:00,08:03:00
ZAB1A,2017-09-24,11:19:00,11:37:00
ZAB1A,2018-04-28,10:50:00,11:57:00
ZAB1A,2017-03-21,03:18:00,07:34:00
W5YVL,2017-01-20,08:55:00,11:24:00
W5YVL,2017-09-07,01:13:00,08:02:00
W5YVL,2018-04-27,05:02:00,10:33:00
ITWMV,2017-02-22,02:11:00,06:03:00
ITWMV,2017-06-05,02:34:00,11:21:00
ITWMV,2017-06-17,12:03:00,12:39:00
ITWMV,2017-01-13,05:46:00,09:26:00
ITWMV,2017-01-07,02:12:00,04:47:00
ITWMV,2017-04-10,01:41:00,02:31:00
ITWMV,2017-09-07,11:12:00,11:42:00
ITWMV,2017-04-13,05:56:00,08:48:00
ITWMV,2017-07-03,09:26:00,11:17:00
ITWMV,2017-11-09,12:16:00,12:28:00
ITWMV,2018-01-27,08:35:00,09:07:00
ITWMV,2017-07-11,12:31:00,12:39:00
ITWMV,2017-03-28,12:17:00,12:33:00
ITWMV,2017-10-19,06:36:00,11:26:00
ITWMV,2017-10-14,04:49:00,10:38:00
ITWMV,2017-02-16,04:47:00,05:31:00
ITWMV,2018-01-31,10:00:00,10:16:00
ITWMV,2017-06-14,02:22:00,12:33:00
ITWMV,2017-01-08,11:25:00,11:16:00
ITWMV,2018-03-02,06:49:00,07:44:00
ITWMV,2018-04-01,09:37:00,11:16:00
ITWMV,2017-12-30,07:04:00,07:46:00
ITWMV,2017-08-17,00:21:00,10:48:00
ITWMV,2018-03-30,07:18:00,09:15:00
ITWMV,2017-08-16,04:54:00,12:21:00
44VO2,2017-11-19,04:11:00,07:27:00
44VO2,2018-01-25,05:19:00,06:31:00
44VO2,2017-10-30,01:38:00,04:24:00
44VO2,2017-06-12,08:26:00,09:10:00
44VO2,2017-03-30,05:02:00,09:24:00
44VO2,2017-07-25,07:23:00,10:18:00
44VO2,2017-10-26,12:00:00,12:10:00
44VO2,2017-03-20,05:08:00,09:26:00
44VO2,2017-04-29,06:26:00,06:39:00
44VO2,2017-07-11,09:21:00,10:05:00
07QP3,2017-05-17,04:01:00,06:38:00
D2KY6,2018-01-05,08:09:00,08:04:00
D2KY6,2017-12-09,03:06:00,11:05:00
D2KY6,2017-11-20,08:37:00,08:03:00
D2KY6,2017-05-18,12:34:00,12:39:00
D2KY6,2018-01-15,07:46:00,08:36:00
D2KY6,2017-08-05,03:28:00,05:06:00
D2KY6,2017-05-15,05:03:00,11:48:00
D2KY6,2017-07-27,02:26:00,06:43:00
D2KY6,2018-01-23,07:07:00,10:38:00
D2KY6,2017-02-21,01:18:00,02:26:00
D2KY6,2018-04-21,08:09:00,11:34:00
D2KY6,2017-06-29,08:09:00,12:13:00
D2KY6,2017-06-04,11:53:00,12:30:00
D2KY6,2017-11-07,06:23:00,09:24:00
5O6SK,2018-03-25,08:25:00,12:19:00
NJ876,2018-04-25,05:53:00,10:52:00
NJ876,2017-03-25,06:35:00,10:33:00
NJ876,2017-03-15,07:10:00,07:53:00
NJ876,2017-03-14,07:08:00,10:23:00
NJ876,2018-03-30,04:10:00,05:33:00
NJ876,2017-08-06,10:15:00,10:58:00
NJ876,2017-10-03,02:15:00,03:56:00
NJ876,2018-03-18,08:37:00,11:29:00
NJ876,2017-01-24,04:22:00,07:16:00
NJ876,2017-11-20,02:26:00,03:22:00
NJ876,2017-10-12,10:07:00,10:58:00
NJ876,2017-05-21,12:15:00,12:27:00
NJ876,2017-07-20,03:04:00,11:36:00
NJ876,2017-11-22,02:17:00,07:59:00
NJ876,2018-02-22,09:05:00,09:00:00
NJ876,2017-06-27,03:02:00,10:40:00
NJ876,2017-08-07,05:06:00,08:08:00
NJ876,2017-02-24,04:30:00,11:50:00
NJ876,2017-03-03,05:04:00,11:00:00
NJ876,2017-03-01,11:12:00,11:56:00
NJ876,2017-08-08,04:31:00,08:41:00
7788A,2018-02-12,07:15:00,09:21:00
7788A,2017-12-14,02:33:00,08:12:00
7788A,2018-02-08,11:18:00,11:45:00
7788A,2017-07-04,09:30:00,09:10:00
7788A,2017-05-23,03:12:00,08:28:00
7788A,2017-06-18,11:26:00,12:10:00
7788A,2018-01-18,12:13:00,12:14:00
7788A,2017-12-12,07:56:00,12:35:00
7788A,2017-03-09,05:54:00,12:11:00
7788A,2017-06-27,02:20:00,07:30:00
7788A,2017-08-20,10:16:00,11:51:00
7788A,2018-01-16,12:33:00,12:33:00
7788A,2017-06-15,03:00:00,06:31:00
7788A,2017-11-22,02:30:00,11:13:00
7788A,2017-05-10,05:14:00,10:06:00
7788A,2017-08-08,08:00:00,10:30:00
7788A,2017-05-20,10:33:00,12:34:00
7788A,2017-03-06,04:53:00,05:10:00
7788A,2017-06-19,02:20:00,02:35:00
7788A,2018-03-15,01:21:00,07:38:00
7788A,2017-05-28,04:33:00,09:12:00
7788A,2017-02-05,09:36:00,09:11:00
7788A,2017-07-12,02:38:00,11:14:00
7788A,2017-10-14,03:30:00,09:05:00
7788A,2018-01-06,04:43:00,10:18:00
7788A,2017-11-26,06:36:00,07:11:00
7788A,2018-04-19,06:15:00,06:32:00
7788A,2018-05-01,05:32:00,07:05:00
7788A,2017-05-13,02:48:00,10:35:00
GKZV7,2017-05-29,02:21:00,11:27:00
GKZV7,2017-01-11,12:28:00,12:38:00
GKZV7,2017-08-16,03:14:00,04:05:00
GKZV7,2017-10-14,06:55:00,09:18:00
GKZV7,2017-03-22,02:54:00,06:04:00
GKZV7,2018-04-15,07:12:00,08:19:00
GKZV7,2017-10-08,04:30:00,04:22:00
GKZV7,2017-06-01,10:21:00,12:21:00
PEL8G,2018-02-18,01:31:00,06:02:00
PEL8G,2017-08-14,06:34:00,10:00:00
T2JF2,2018-03-26,05:23:00,12:03:00
T2JF2,2018-01-24,03:24:00,11:14:00
T2JF2,2017-12-25,12:33:00,12:34:00
T2JF2,2018-04-10,10:07:00,10:39:00
T2JF2,2017-09-27,08:13:00,09:04:00
43N05,2017-04-26,01:05:00,03:20:00
43N05,2017-11-10,01:35:00,07:17:00
43N05,2017-01-27,04:36:00,07:56:00
43N05,2017-03-02,03:53:00,04:30:00
43N05,2017-08-30,11:56:00,12:19:00
43N05,2018-04-24,02:30:00,07:09:00
43N05,2017-05-24,03:33:00,10:57:00
43N05,2018-01-22,09:07:00,12:18:00
43N05,2017-06-03,06:36:00,09:10:00
43N05,2017-09-11,05:22:00,09:38:00
43N05,2017-04-05,05:04:00,07:34:00
43N05,2017-11-22,10:05:00,12:00:00
43N05,2017-06-12,08:36:00,12:01:00
43N05,2018-04-06,05:29:00,06:39:00
43N05,2017-01-22,01:34:00,08:00:00
43N05,2018-03-29,08:13:00,11:47:00
43N05,2017-08-01,03:21:00,12:00:00
43N05,2017-12-18,10:22:00,10:11:00
43N05,2017-04-02,11:33:00,12:07:00
43N05,2018-02-24,10:59:00,11:57:00
43N05,2017-04-27,03:22:00,07:49:00
43N05,2017-01-31,08:00:00,12:01:00
43N05,2017-03-17,09:41:00,11:32:00
43N05,2017-06-09,08:59:00,09:29:00
43N05,2017-02-25,07:24:00,10:14:00
HI1Q5,2018-01-14,10:45:00,10:56:00
HI1Q5,2017-11-06,11:19:00,11:09:00
HI1Q5,2017-02-16,03:13:00,08:24:00
HI1Q5,2017-07-11,00:21:00,01:46:00
HI1Q5,2018-03-01,06:26:00,06:37:00
HI1Q5,2018-01-26,02:37:00,03:35:00
HI1Q5,2017-06-17,05:22:00,11:58:00
HI1Q5,2017-08-13,09:32:00,10:21:00
HI1Q5,2017-10-25,01:03:00,10:00:00
HI1Q5,2018-03-28,07:31:00,11:06:00
HI1Q5,2017-03-18,08:35:00,11:30:00
HI1Q5,2018-03-09,06:03:00,06:43:00
HI1Q5,2017-09-08,06:38:00,09:22:00
HI1Q5,2017-03-27,08:01:00,08:17:00
HI1Q5,2017-12-16,09:02:00,09:14:00
HI1Q5,2017-05-15,06:17:00,11:20:00
HI1Q5,2017-01-18,02:19:00,06:09:00
JQ162,2018-01-30,12:18:00,12:35:00
JQ162,2017-10-03,04:14:00,11:23:00
JQ162,2017-12-02,02:17:00,09:56:00
JQ162,2017-04-03,01:34:00,10:32:00
JQ162,2017-01-20,03:10:00,04:08:00
JQ162,2018-01-25,06:18:00,06:56:00
JQ162,2018-01-18,10:01:00,11:30:00
JQ162,2018-01-16,11:27:00,11:35:00
JQ162,2017-02-03,07:14:00,10:18:00
JQ162,2018-04-28,09:05:00,11:10:00
JQ162,2018-02-24,05:43:00,06:10:00
JQ162,2017-08-30,02:24:00,11:15:00
JQ162,2017-05-28,04:14:00,05:19:00
JQ162,2017-12-04,08:31:00,11:43:00
JQ162,2018-04-30,01:37:00,05:33:00
JQ162,2017-02-01,02:17:00,04:09:00
JQ162,2017-07-09,02:13:00,03:05:00
JQ162,2018-01-28,07:32:00,10:35:00
JQ162,2017-09-28,11:34:00,12:16:00
JQ162,2017-06-10,09:43:00,11:32:00
JQ162,2017-03-03,11:39:00,12:12:00
JQ162,2018-02-12,09:33:00,09:35:00
402DQ,2017-05-04,04:43:00,07:24:00
402DQ,2017-12-10,04:37:00,06:07:00
402DQ,2017-08-10,08:52:00,12:16:00
402DQ,2017-08-04,04:23:00,05:46:00
402DQ,2017-04-01,02:30:00,02:57:00
33378,2017-07-07,04:31:00,04:56:00
33378,2017-01-11,08:29:00,11:10:00
33378,2017-11-03,09:27:00,10:19:00
33378,2018-03-10,04:04:00,04:18:00
33378,2017-04-15,00:36:00,04:28:00
33378,2017-12-17,07:23:00,08:01:00
33378,2017-10-20,07:13:00,09:34:00
33378,2017-02-09,09:03:00,09:44:00
33378,2017-09-22,04:31:00,11:38:00
33378,2017-12-26,05:49:00,08:02:00
33378,2017-05-05,09:04:00,11:14:00
33378,2017-05-20,07:58:00,08:38:00
33378,2018-02-14,06:47:00,08:26:00
33378,2017-02-20,04:36:00,05:27:00
1RSYJ,2017-01-08,00:15:00,02:19:00
1RSYJ,2017-06-19,11:03:00,11:03:00
1RSYJ,2017-03-18,01:23:00,10:37:00
1RSYJ,2017-08-11,10:12:00,10:49:00
1RSYJ,2018-04-04,02:04:00,03:28:00
1RSYJ,2017-04-03,10:36:00,11:22:00
1RSYJ,2017-05-31,06:38:00,07:38:00
31A6U,2017-05-06,10:33:00,11:00:00
31A6U,2018-01-01,08:59:00,09:32:00
31A6U,2017-08-11,10:16:00,10:31:00
31A6U,2017-08-31,00:38:00,04:29:00
31A6U,2017-04-10,06:26:00,11:27:00
31A6U,2017-02-25,11:13:00,11:33:00
31A6U,2018-03-14,04:38:00,11:04:00
31A6U,2017-09-12,07:11:00,09:50:00
31A6U,2017-03-20,05:19:00,12:26:00
31A6U,2017-01-04,03:16:00,12:37:00
31A6U,2018-01-24,09:02:00,12:02:00
31A6U,2017-09-27,00:15:00,08:25:00
31A6U,2018-02-13,00:12:00,09:53:00
31A6U,2018-02-27,11:01:00,11:38:00
31A6U,2017-09-26,02:42:00,04:59:00
31A6U,2018-04-08,10:33:00,11:29:00
31A6U,2017-11-27,01:03:00,07:31:00
31A6U,2018-01-31,07:57:00,11:13:00
31A6U,2017-05-13,02:46:00,11:45:00
31A6U,2017-03-13,01:20:00,11:05:00
7BQKU,2017-01-15,05:08:00,11:17:00
7BQKU,2017-03-03,11:38:00,11:09:00
7BQKU,2017-04-08,07:00:00,08:14:00
7BQKU,2018-03-04,03:03:00,05:19:00
7BQKU,2017-11-23,05:53:00,10:13:00
7BQKU,2017-03-02,01:04:00,12:22:00
7BQKU,2017-07-17,06:31:00,06:58:00
7BQKU,2017-07-30,09:29:00,12:01:00
7BQKU,2017-10-04,08:01:00,09:47:00
7BQKU,2018-04-20,08:47:00,11:44:00
7BQKU,2017-09-03,01:44:00,12:05:00
7BQKU,2017-02-03,08:52:00,10:35:00
7BQKU,2017-06-19,02:36:00,05:32:00
7BQKU,2017-12-07,09:04:00,10:37:00
7BQKU,2017-08-10,02:28:00,08:02:00
7BQKU,2017-05-20,01:11:00,05:00:00
7BQKU,2017-07-20,11:01:00,11:19:00
7BQKU,2017-11-15,04:22:00,08:22:00
UK1F2,2017-06-26,08:28:00,12:24:00
UK1F2,2018-04-12,02:25:00,04:50:00
UK1F2,2017-07-24,01:23:00,08:03:00
UK1F2,2017-03-09,09:17:00,10:49:00
UK1F2,2018-02-12,04:22:00,08:59:00
UK1F2,2018-01-09,03:44:00,05:18:00
UK1F2,2017-11-22,01:15:00,07:22:00
UK1F2,2018-03-11,07:25:00,08:20:00
UK1F2,2017-11-17,02:01:00,05:36:00
UK1F2,2018-03-08,07:05:00,08:32:00
UK1F2,2018-01-22,06:43:00,07:59:00
UK1F2,2018-04-17,04:21:00,07:41:00
UK1F2,2017-05-25,04:20:00,08:31:00
UK1F2,2017-07-29,08:57:00,10:20:00
UK1F2,2017-09-08,10:55:00,12:39:00
UK1F2,2017-12-12,06:28:00,10:29:00
UK1F2,2018-02-26,03:36:00,09:17:00
UK1F2,2017-11-16,02:28:00,06:02:00
UK1F2,2018-01-25,00:09:00,05:05:00
UK1F2,2017-06-24,01:32:00,08:02:00
UK1F2,2018-04-24,04:41:00,09:52:00
UK1F2,2017-04-14,11:16:00,12:04:00
UK1F2,2017-12-11,10:28:00,11:16:00
UK1F2,2018-03-17,04:11:00,08:30:00
UK1F2,2017-10-11,01:19:00,01:05:00
UK1F2,2017-06-13,09:11:00,09:11:00
UK1F2,2017-01-28,06:55:00,07:33:00
UK1F2,2017-08-28,04:19:00,07:58:00
UK1F2,2017-08-10,07:34:00,07:57:00
NB10J,2017-12-12,04:37:00,04:43:00
NB10J,2017-05-04,01:40:00,07:15:00
NB10J,2017-05-12,04:29:00,09:33:00
NB10J,2017-08-27,05:27:00,07:10:00
NB10J,2017-11-01,01:05:00,01:55:00
NB10J,2017-02-27,03:08:00,09:10:00
NB10J,2017-07-26,09:30:00,11:57:00
NB10J,2018-03-12,05:34:00,06:14:00
NB10J,2017-01-23,00:54:00,03:02:00
NB10J,2017-02-18,03:28:00,05:41:00
NB10J,2017-11-02,00:43:00,02:32:00
NB10J,2017-05-07,09:49:00,10:59:00
I827Y,2017-10-08,06:12:00,11:58:00
I827Y,2017-01-02,03:10:00,05:09:00
I827Y,2018-02-24,04:01:00,08:01:00
I827Y,2018-04-29,01:25:00,05:00:00
I827Y,2017-11-01,04:22:00,09:00:00
I827Y,2018-01-29,09:57:00,10:07:00
I827Y,2018-03-02,11:15:00,12:25:00
I827Y,2017-11-04,08:07:00,10:35:00
I827Y,2017-02-01,11:41:00,12:09:00
I827Y,2018-04-13,03:29:00,10:12:00
I827Y,2018-02-04,08:12:00,09:18:00
I827Y,2017-07-06,06:07:00,09:44:00
I827Y,2017-02-09,05:02:00,07:40:00
I827Y,2017-03-28,04:13:00,06:33:00
I827Y,2017-04-05,06:45:00,08:21:00
I827Y,2017-04-06,05:38:00,10:08:00
I827Y,2018-03-19,01:17:00,03:50:00
I827Y,2017-07-13,10:09:00,12:18:00
I827Y,2017-11-23,06:27:00,09:24:00
I827Y,2018-02-03,01:22:00,11:27:00
I827Y,2017-05-06,08:03:00,09:20:00
I827Y,2017-09-26,11:19:00,12:16:00
I827Y,2017-08-16,01:48:00,07:32:00
O86WU,2018-04-06,05:08:00,11:22:00
O86WU,2018-02-25,07:28:00,11:25:00
O86WU,2017-05-25,01:12:00,06:07:00
O86WU,2017-08-08,12:19:00,12:00:00
O86WU,2018-04-01,04:33:00,08:36:00
O86WU,2017-05-26,01:32:00,03:09:00
30Y1F,2017-05-01,05:15:00,10:11:00
30Y1F,2018-02-01,07:36:00,10:16:00
30Y1F,2017-07-10,00:48:00,04:20:00
30Y1F,2018-04-08,00:38:00,09:03:00
30Y1F,2017-07-29,11:06:00,11:29:00
30Y1F,2017-11-12,11:45:00,12:28:00
30Y1F,2017-07-10,02:27:00,07:27:00
30Y1F,2018-03-10,04:36:00,06:01:00
30Y1F,2018-02-20,11:29:00,11:41:00
30Y1F,2017-06-18,09:14:00,10:04:00
30Y1F,2018-02-16,11:01:00,11:37:00
30Y1F,2017-09-09,07:31:00,09:57:00
8G0Z2,2017-02-16,11:24:00,11:53:00
8G0Z2,2017-09-14,07:38:00,11:12:00
8G0Z2,2017-07-10,07:38:00,11:27:00
8G0Z2,2017-10-31,04:13:00,09:20:00
8G0Z2,2017-12-24,12:15:00,12:32:00
8G0Z2,2017-02-21,08:39:00,10:11:00
8G0Z2,2017-07-07,01:28:00,10:11:00
8G0Z2,2017-04-03,05:33:00,09:42:00
8G0Z2,2017-11-08,11:02:00,12:07:00
8G0Z2,2017-08-16,06:29:00,07:25:00
OBU3O,2017-10-21,05:23:00,09:55:00
OBU3O,2017-08-12,06:22:00,11:24:00
OBU3O,2017-04-15,08:05:00,08:18:00
OBU3O,2017-08-11,03:32:00,04:01:00
OBU3O,2018-03-29,06:33:00,09:38:00
OBU3O,2017-05-17,03:13:00,11:19:00
OBU3O,2017-04-03,05:24:00,07:16:00
OBU3O,2018-04-07,07:39:00,12:01:00
OBU3O,2017-03-15,03:00:00,11:24:00
OBU3O,2017-05-09,06:21:00,10:08:00
OBU3O,2017-01-29,02:14:00,08:28:00
OBU3O,2017-04-06,12:09:00,12:36:00
OBU3O,2017-08-09,08:18:00,12:30:00
OBU3O,2017-10-22,03:31:00,07:57:00
OBU3O,2017-06-19,07:24:00,11:37:00
OBU3O,2018-01-26,11:56:00,12:07:00
OBU3O,2017-05-07,05:39:00,10:17:00
OBU3O,2017-11-19,03:27:00,04:48:00
OBU3O,2017-04-22,09:04:00,11:49:00
I0UIP,2017-01-24,07:27:00,10:11:00
I0UIP,2017-03-23,07:10:00,12:24:00
I0UIP,2017-03-26,06:20:00,11:31:00
I0UIP,2017-10-27,01:21:00,04:08:00
I0UIP,2017-04-24,10:23:00,11:45:00
I0UIP,2018-03-28,11:31:00,12:05:00
I0UIP,2018-03-12,01:07:00,11:15:00
I0UIP,2018-01-26,07:46:00,10:46:00
I0UIP,2017-01-25,03:31:00,11:17:00
I0UIP,2017-10-24,06:04:00,11:54:00
I0UIP,2017-05-26,10:33:00,10:04:00
I0UIP,2017-03-04,07:35:00,11:24:00
I0UIP,2017-07-27,09:20:00,10:39:00
I0UIP,2017-12-03,09:31:00,10:23:00
I0UIP,2017-02-01,11:43:00,12:24:00
I0UIP,2017-10-07,01:35:00,02:07:00
I0UIP,2017-11-14,08:51:00,11:49:00
I0UIP,2017-04-02,01:50:00,06:55:00
I0UIP,2017-09-06,10:19:00,12:26:00
I0UIP,2017-12-01,00:32:00,08:46:00
I0UIP,2017-09-14,01:07:00,09:49:00
I0UIP,2017-07-11,08:17:00,11:26:00
I0UIP,2017-01-10,06:32:00,11:44:00
I0UIP,2017-12-03,01:23:00,02:47:00
I0UIP,2018-01-23,01:28:00,08:29:00
I0UIP,2017-04-19,02:16:00,07:14:00
I0UIP,2017-06-21,02:35:00,04:13:00
I0UIP,2017-09-12,03:32:00,05:25:00
JY514,2017-02-21,08:16:00,11:15:00
JY514,2017-02-09,06:32:00,06:37:00
JY514,2017-09-28,02:58:00,10:19:00
JY514,2018-03-30,11:31:00,11:02:00
JY514,2018-01-07,05:05:00,10:24:00
JY514,2018-04-01,04:04:00,11:27:00
JY514,2017-10-26,00:56:00,08:10:00
JY514,2017-06-30,02:04:00,09:47:00
JY514,2017-08-23,03:19:00,06:40:00
JY514,2017-10-26,10:05:00,11:27:00
JY514,2017-08-09,11:28:00,12:29:00
JY514,2017-07-26,06:29:00,08:32:00
JY514,2017-01-08,10:48:00,11:22:00
JY514,2017-03-10,00:04:00,11:55:00
JY514,2018-03-25,08:34:00,09:31:00
JY514,2017-11-17,08:29:00,09:28:00
JY514,2017-08-29,07:24:00,08:23:00
JY514,2017-08-09,07:10:00,09:06:00
JY514,2017-08-24,09:09:00,11:08:00
JY514,2018-03-23,06:42:00,06:56:00
JY514,2017-06-19,02:22:00,05:20:00
JY514,2018-03-18,10:27:00,10:48:00
JY514,2017-08-26,11:22:00,11:45:00
E18IN,2018-01-03,03:20:00,06:08:00
E18IN,2018-04-02,03:34:00,10:23:00
E18IN,2018-03-09,05:12:00,06:23:00
E18IN,2017-07-12,10:14:00,11:45:00
E18IN,2017-03-14,12:29:00,12:32:00
E18IN,2018-01-20,12:21:00,12:34:00
E18IN,2017-08-03,02:06:00,06:14:00
E18IN,2017-11-26,08:48:00,11:07:00
E18IN,2017-11-17,12:29:00,12:30:00
E18IN,2018-04-18,05:44:00,12:10:00
E18IN,2017-08-24,06:26:00,10:29:00
E18IN,2017-06-27,02:43:00,11:34:00
E18IN,2017-05-30,00:28:00,05:21:00
E18IN,2017-01-07,07:02:00,12:26:00
E18IN,2017-01-11,09:34:00,09:59:00
E18IN,2017-09-10,02:35:00,04:51:00
E18IN,2017-11-21,04:34:00,10:24:00
E18IN,2018-03-18,07:13:00,08:10:00
E18IN,2017-03-01,03:00:00,08:42:00
E18IN,2017-06-18,10:04:00,11:11:00
E18IN,2018-02-15,07:56:00,10:05:00
E18IN,2018-03-15,11:38:00,12:10:00
E18IN,2017-06-06,04:42:00,10:19:00
E18IN,2018-01-05,00:09:00,11:14:00
E18IN,2017-11-20,11:47:00,12:30:00
E18IN,2017-11-10,06:05:00,11:25:00
E18IN,2017-12-04,07:37:00,10:04:00
E18IN,2017-05-30,11:13:00,12:13:00
3OOJ1,2018-02-15,09:54:00,10:50:00
3OOJ1,2017-08-30,09:36:00,11:25:00
3OOJ1,2017-01-21,09:25:00,10:18:00
3OOJ1,2018-01-12,08:23:00,11:13:00
3OOJ1,2017-06-07,11:56:00,12:32:00
3OOJ1,2017-05-07,09:53:00,10:52:00
3OOJ1,2017-08-31,01:53:00,11:56:00
3OOJ1,2018-02-05,09:55:00,10:29:00
3OOJ1,2017-07-18,00:32:00,03:23:00
3OOJ1,2017-06-15,12:34:00,12:39:00
3OOJ1,2018-01-20,05:05:00,07:43:00
N36I5,2017-05-18,04:21:00,04:36:00
N36I5,2017-07-01,11:12:00,11:33:00
N36I5,2017-06-08,07:33:00,09:08:00
N36I5,2017-07-12,07:26:00,08:36:00
N36I5,2017-03-07,00:29:00,06:34:00
N36I5,2017-11-22,03:30:00,08:28:00
N36I5,2017-08-28,07:32:00,11:16:00
N36I5,2017-10-07,07:07:00,07:59:00
N36I5,2018-04-19,02:31:00,09:19:00
N36I5,2017-04-23,04:10:00,05:48:00
C84S4,2017-10-09,06:15:00,08:15:00
C84S4,2018-04-12,10:04:00,11:22:00
C84S4,2017-11-16,09:13:00,10:36:00
C84S4,2017-03-01,05:22:00,05:24:00
C84S4,2017-08-02,11:55:00,12:07:00
C84S4,2017-01-31,02:26:00,09:47:00
C84S4,2017-09-13,10:27:00,11:11:00
C84S4,2017-10-31,02:28:00,06:13:00
C84S4,2017-06-09,04:23:00,06:02:00
C84S4,2017-01-22,09:23:00,10:24:00
C84S4,2017-03-11,08:59:00,11:51:00
C84S4,2018-04-11,08:27:00,10:21:00
C84S4,2017-12-31,11:25:00,11:58:00
C84S4,2018-02-07,11:02:00,12:21:00
C84S4,2017-05-04,01:28:00,08:09:00
C84S4,2017-11-04,07:36:00,12:21:00
C84S4,2017-12-03,09:29:00,11:36:00
C84S4,2017-11-07,03:34:00,11:11:00
C84S4,2017-05-25,08:28:00,10:00:00
C84S4,2017-11-09,11:05:00,11:20:00
C84S4,2018-02-20,08:43:00,12:09:00
C84S4,2017-10-11,09:25:00,11:54:00
C84S4,2017-03-09,08:30:00,08:46:00
C84S4,2017-04-30,07:28:00,10:23:00
C84S4,2018-04-25,12:20:00,12:31:00
C84S4,2017-10-29,02:44:00,06:08:00
C84S4,2017-01-01,06:20:00,09:04:00
C84S4,2017-01-12,10:54:00,11:31:00
C84S4,2017-12-24,07:20:00,11:09:00
C84S4,2018-04-15,07:36:00,07:45:00
B5F34,2017-01-28,01:03:00,08:38:00
B5F34,2017-11-27,08:36:00,09:06:00
B5F34,2017-07-19,10:58:00,11:28:00
B5F34,2018-02-13,07:41:00,08:51:00
B5F34,2017-07-06,06:55:00,12:23:00
B5F34,2017-07-27,03:08:00,04:13:00
B5F34,2017-05-31,02:25:00,11:50:00
B5F34,2018-04-05,09:24:00,12:35:00
B5F34,2017-06-03,07:22:00,08:40:00
B5F34,2017-07-21,11:02:00,11:30:00
B5F34,2017-02-27,09:17:00,11:29:00
B5F34,2017-02-17,06:35:00,07:34:00
B5F34,2017-05-27,01:07:00,09:04:00
B5F34,2017-03-15,09:25:00,12:04:00
B5F34,2017-05-13,10:49:00,11:30:00
B5F34,2017-04-12,11:37:00,12:34:00
6NAWM,2017-03-03,03:16:00,05:33:00
6NAWM,2017-11-06,06:01:00,12:27:00
6NAWM,2017-11-27,03:13:00,08:28:00
71BOE,2017-01-21,06:04:00,11:25:00
71BOE,2017-10-09,08:07:00,10:35:00
71BOE,2017-08-02,08:07:00,08:22:00
71BOE,2017-03-03,02:08:00,02:09:00
71BOE,2017-09-30,05:59:00,10:27:00
71BOE,2017-12-24,11:11:00,11:55:00
71BOE,2017-01-31,00:44:00,02:19:00
71BOE,2017-10-31,10:11:00,12:09:00
CGW3X,2017-11-11,07:03:00,12:25:00
CGW3X,2017-11-07,12:03:00,12:21:00
CGW3X,2017-11-10,06:08:00,07:33:00
CGW3X,2017-06-09,02:59:00,04:35:00
CGW3X,2017-07-14,02:35:00,10:17:00
CGW3X,2017-04-30,00:42:00,09:19:00
CGW3X,2018-03-06,11:08:00,12:30:00
CGW3X,2017-10-08,06:34:00,06:37:00
CGW3X,2018-03-20,08:25:00,09:31:00
CGW3X,2017-09-21,07:07:00,07:55:00
CGW3X,2018-02-19,09:09:00,11:02:00
CGW3X,2017-02-03,08:39:00,09:25:00
CGW3X,2017-06-14,03:55:00,08:50:00
CGW3X,2017-02-26,00:56:00,01:16:00
CGW3X,2018-04-26,04:07:00,09:30:00
CGW3X,2017-03-23,05:45:00,10:31:00
CGW3X,2017-10-30,09:32:00,11:03:00
CGW3X,2018-01-12,03:49:00,08:25:00
CGW3X,2017-08-29,07:10:00,10:19:00
CGW3X,2018-04-24,04:37:00,10:30:00
CGW3X,2017-01-31,01:04:00,03:05:00
CGW3X,2017-09-23,08:52:00,09:30:00
CGW3X,2017-11-19,02:26:00,12:10:00
CGW3X,2017-11-02,12:24:00,12:30:00
CGW3X,2017-05-08,11:11:00,11:33:00
CGW3X,2017-02-26,12:21:00,12:38:00
03487,2017-08-02,01:58:00,08:32:00
03487,2017-05-08,07:11:00,10:11:00
03487,2018-02-18,02:25:00,06:16:00
03487,2017-09-16,02:31:00,09:39:00
03487,2017-07-09,06:52:00,12:03:00
03487,2017-06-29,09:24:00,09:33:00
03487,2017-06-15,08:19:00,09:56:00
03487,2018-01-05,07:16:00,09:20:00
03487,2017-05-15,04:37:00,11:28:00
03487,2018-01-23,01:11:00,10:00:00
03487,2017-07-21,11:04:00,12:15:00
03487,2017-04-01,01:22:00,03:01:00
03487,2017-05-29,04:22:00,07:17:00
03487,2017-08-04,02:14:00,08:00:00
03487,2017-08-04,07:23:00,11:25:00
03487,2017-05-20,01:37:00,03:04:00
03487,2018-04-24,10:03:00,11:26:00
03487,2017-10-17,07:24:00,08:23:00
03487,2017-10-05,02:35:00,09:13:00
03487,2017-11-20,04:21:00,12:39:00
03487,2018-01-02,02:15:00,08:51:00
03487,2018-03-08,02:16:00,11:11:00
03487,2017-05-11,00:44:00,07:55:00
03487,2017-12-03,08:19:00,12:27:00
7MRZ6,2017-08-31,04:53:00,08:38:00
7MRZ6,2017-05-26,05:41:00,10:06:00
7MRZ6,2017-03-11,01:39:00,08:31:00
7MRZ6,2017-07-27,07:07:00,11:14:00
7MRZ6,2018-03-11,08:47:00,09:08:00
7MRZ6,2017-04-25,02:17:00,06:39:00
7MRZ6,2017-09-26,05:24:00,06:44:00
7MRZ6,2017-08-23,06:43:00,08:45:00
7MRZ6,2017-05-18,07:30:00,08:55:00
72H2C,2017-01-06,04:39:00,06:21:00
72H2C,2017-09-20,07:17:00,08:38:00
72H2C,2017-04-29,02:47:00,07:05:00
72H2C,2018-04-19,04:42:00,05:21:00
72H2C,2017-12-02,09:12:00,10:11:00
72H2C,2018-01-03,00:43:00,00:46:00
72H2C,2017-08-27,11:54:00,12:14:00
72H2C,2017-04-28,01:40:00,05:28:00
72H2C,2017-06-07,01:57:00,09:11:00
72H2C,2018-03-19,04:12:00,09:09:00
72H2C,2017-06-14,05:27:00,08:55:00
FA4N5,2017-06-05,01:32:00,06:22:00
FA4N5,2018-02-04,03:34:00,08:03:00
FA4N5,2018-03-16,11:47:00,12:15:00
FA4N5,2018-03-03,07:12:00,09:39:00
FA4N5,2017-09-19,12:09:00,12:28:00
FA4N5,2017-10-31,06:12:00,09:12:00
FA4N5,2018-03-23,01:57:00,11:23:00
FA4N5,2017-02-02,06:07:00,08:24:00
FA4N5,2017-05-10,00:20:00,01:07:00
FA4N5,2017-08-09,11:01:00,11:02:00
FA4N5,2018-04-30,04:40:00,07:18:00
FA4N5,2017-07-03,02:41:00,05:02:00
FA4N5,2017-11-17,00:39:00,11:47:00
FA4N5,2017-01-10,03:07:00,03:29:00
FA4N5,2018-04-03,10:48:00,12:07:00
FA4N5,2017-02-21,01:02:00,04:51:00
FA4N5,2017-04-05,02:44:00,12:29:00
FA4N5,2017-02-24,00:52:00,02:47:00
FA4N5,2017-03-18,04:33:00,04:13:00
3718M,2017-07-19,05:06:00,07:31:00
3718M,2017-04-02,05:49:00,07:21:00
3718M,2018-04-12,02:15:00,07:13:00
3718M,2017-12-23,07:33:00,11:44:00
3718M,2018-02-10,04:28:00,07:31:00
3718M,2017-12-22,01:22:00,10:34:00
3718M,2017-03-16,11:07:00,11:25:00
3718M,2018-04-22,09:08:00,10:11:00
3718M,2017-03-19,09:52:00,11:10:00
3718M,2017-07-02,01:22:00,07:54:00
3718M,2017-07-09,02:15:00,06:38:00
3718M,2017-04-17,07:30:00,09:18:00
3718M,2017-11-14,03:21:00,08:26:00
3718M,2017-02-12,07:38:00,12:38:00
3718M,2017-04-03,04:49:00,07:34:00
3718M,2018-01-16,06:19:00,06:37:00
3F8N0,2018-04-26,12:23:00,12:27:00
3F8N0,2017-08-16,02:33:00,02:58:00
3F8N0,2017-12-08,03:18:00,09:25:00
3F8N0,2018-01-25,04:32:00,09:02:00
3F8N0,2017-07-20,03:38:00,06:25:00
3F8N0,2017-03-05,02:39:00,04:23:00
3F8N0,2017-04-18,02:41:00,06:52:00
3F8N0,2017-05-19,01:48:00,09:31:00
3F8N0,2017-02-16,09:20:00,09:26:00
3F8N0,2017-06-23,12:25:00,12:35:00
3F8N0,2017-09-28,06:21:00,09:33:00
3F8N0,2017-04-24,09:12:00,09:28:00
3F8N0,2017-11-24,09:47:00,10:36:00
3F8N0,2017-11-25,04:16:00,06:05:00
3F8N0,2017-12-06,02:05:00,06:02:00
3F8N0,2017-02-22,05:36:00,11:24:00
3F8N0,2017-05-18,03:48:00,11:23:00
3F8N0,2017-10-16,08:37:00,08:38:00
3F8N0,2017-01-31,11:23:00,12:26:00
3F8N0,2017-04-26,10:18:00,10:27:00
48100,2017-04-10,01:13:00,02:31:00
48100,2017-09-29,03:11:00,10:16:00
48100,2018-02-12,10:26:00,12:00:00
48100,2018-04-05,12:38:00,12:39:00
48100,2017-06-02,06:01:00,08:26:00
48100,2018-03-22,01:07:00,03:56:00
48100,2017-09-08,12:07:00,12:34:00
48100,2018-02-07,10:03:00,11:03:00
48100,2018-03-02,08:35:00,09:02:00
48100,2018-04-27,02:22:00,05:23:00
48100,2017-05-14,01:18:00,05:27:00
48100,2017-08-29,10:43:00,11:38:00
48100,2018-03-20,08:24:00,09:16:00
48100,2017-09-20,10:07:00,10:09:00
48100,2017-07-01,11:36:00,12:03:00
48100,2017-11-22,04:31:00,06:06:00
48100,2017-09-24,03:12:00,06:36:00
48100,2018-01-26,03:46:00,09:26:00
48100,2017-11-28,08:31:00,12:11:00
48100,2017-04-28,04:27:00,09:35:00
48100,2018-02-16,04:38:00,12:23:00
48100,2017-05-01,05:35:00,10:46:00
48100,2017-09-04,09:00:00,10:16:00
48100,2017-08-24,09:54:00,11:26:00
48100,2017-05-05,10:01:00,11:24:00
48100,2018-04-23,08:18:00,08:49:00
K3XEZ,2018-04-26,08:42:00,11:05:00
K3XEZ,2017-10-23,05:04:00,06:57:00
K3XEZ,2017-06-25,00:30:00,05:00:00
K3XEZ,2017-12-23,00:36:00,10:38:00
K3XEZ,2018-04-07,11:02:00,12:00:00
K3XEZ,2017-04-20,09:31:00,10:54:00
K3XEZ,2017-06-26,07:51:00,09:03:00
K3XEZ,2017-12-05,08:03:00,09:58:00
K3XEZ,2017-09-12,10:50:00,12:34:00
K3XEZ,2017-07-05,03:21:00,07:07:00
K3XEZ,2017-07-03,05:33:00,11:50:00
0Y6DA,2017-12-29,03:18:00,06:24:00
0Y6DA,2018-01-02,08:09:00,12:12:00
0Y6DA,2017-03-23,04:18:00,06:05:00
0Y6DA,2017-02-11,00:38:00,02:33:00
XTE42,2018-02-05,11:12:00,11:34:00
XTE42,2017-05-07,03:21:00,08:29:00
XTE42,2017-03-20,02:03:00,06:23:00
XTE42,2017-01-01,12:28:00,12:39:00
XTE42,2017-09-17,01:38:00,11:34:00
XTE42,2017-06-20,06:47:00,09:01:00
XTE42,2017-11-15,11:25:00,12:39:00
XTE42,2017-12-06,11:39:00,12:25:00
XTE42,2017-01-13,03:21:00,10:09:00
XTE42,2018-01-20,08:59:00,10:02:00
XTE42,2018-01-18,11:17:00,11:32:00
XTE42,2018-01-09,05:26:00,11:24:00
XTE42,2017-07-02,09:25:00,10:38:00
XTE42,2017-06-16,05:20:00,11:33:00
XTE42,2017-11-24,07:29:00,09:15:00
XTE42,2017-10-21,11:35:00,12:08:00
XTE42,2018-04-12,11:22:00,12:05:00
XTE42,2018-02-27,08:18:00,11:36:00
XTE42,2017-04-27,10:14:00,10:34:00
XTE42,2017-01-17,05:48:00,10:37:00
XTE42,2018-03-03,06:15:00,12:26:00
XTE42,2018-01-03,01:14:00,06:04:00
XTE42,2017-03-20,07:51:00,09:15:00
XTE42,2018-04-04,06:43:00,09:04:00
XTE42,2017-04-20,05:56:00,09:09:00
XTE42,2017-10-26,11:23:00,11:28:00
XTE42,2018-03-07,11:00:00,12:19:00
XTE42,2017-06-06,04:42:00,06:27:00
XTE42,2017-11-15,11:58:00,12:16:00
XTE42,2017-10-07,05:11:00,08:13:00
P876D,2017-09-22,00:10:00,08:02:00
P876D,2017-03-26,08:35:00,09:33:00
P876D,2017-04-19,08:52:00,09:33:00
P876D,2018-04-23,04:01:00,05:13:00
P876D,2018-02-22,11:00:00,12:31:00
P876D,2017-06-06,10:10:00,11:05:00
P876D,2017-07-07,11:01:00,11:44:00
P876D,2017-04-20,01:38:00,04:29:00
P876D,2017-06-02,10:26:00,10:14:00
P876D,2017-06-19,04:16:00,11:45:00
P876D,2017-04-16,01:07:00,05:15:00
P876D,2018-04-20,00:06:00,09:17:00
P876D,2017-03-16,01:55:00,07:57:00
P876D,2018-01-19,06:02:00,09:53:00
P876D,2017-08-06,06:21:00,09:06:00
P876D,2017-09-12,07:33:00,10:14:00
P876D,2017-02-23,08:17:00,09:25:00
P876D,2017-06-06,02:39:00,03:28:00
P876D,2018-03-17,04:42:00,07:02:00
P876D,2017-06-09,04:39:00,05:05:00
P876D,2017-04-17,02:19:00,10:17:00
P876D,2017-06-13,08:20:00,09:14:00
P876D,2017-06-01,05:30:00,09:56:00
P876D,2017-11-15,07:15:00,11:18:00
P876D,2017-09-23,10:30:00,11:25:00
P876D,2017-07-01,06:14:00,09:53:00
530Q6,2018-03-16,10:13:00,11:16:00
530Q6,2018-04-20,01:35:00,08:16:00
530Q6,2017-09-21,07:11:00,10:43:00
530Q6,2017-02-12,08:20:00,10:08:00
530Q6,2018-03-06,08:33:00,12:38:00
530Q6,2017-01-26,12:23:00,12:31:00
530Q6,2017-03-03,01:29:00,01:59:00
530Q6,2017-10-12,04:37:00,07:15:00
530Q6,2017-12-31,01:51:00,02:39:00
530Q6,2018-02-11,00:53:00,01:59:00
530Q6,2017-05-05,07:30:00,10:40:00
530Q6,2018-04-09,10:01:00,11:31:00
530Q6,2017-06-03,05:24:00,06:00:00
530Q6,2017-08-15,06:09:00,10:36:00
530Q6,2017-02-18,10:20:00,12:16:00
530Q6,2017-04-17,02:30:00,05:56:00
530Q6,2017-05-11,08:24:00,10:17:00
2303S,2018-01-30,02:20:00,11:11:00
2303S,2017-05-08,11:15:00,11:43:00
2303S,2017-11-20,11:01:00,11:19:00
2303S,2018-02-22,08:07:00,08:55:00
2303S,2018-03-12,08:19:00,11:26:00
2303S,2017-11-09,12:34:00,12:39:00
I733Y,2017-08-07,12:17:00,12:00:00
I733Y,2017-03-15,02:07:00,08:24:00
I733Y,2018-01-12,08:14:00,12:04:00
I733Y,2017-01-28,05:58:00,12:29:00
I733Y,2017-02-21,04:08:00,11:20:00
I733Y,2017-10-28,07:02:00,08:06:00
I733Y,2017-11-12,06:09:00,08:37:00
I733Y,2017-01-10,11:30:00,12:18:00
I733Y,2018-03-01,00:54:00,08:26:00
I733Y,2017-03-31,12:22:00,12:30:00
AD2A5,2017-11-17,07:41:00,11:33:00
AD2A5,2017-10-31,09:31:00,10:54:00
AD2A5,2017-02-10,11:10:00,12:34:00
AD2A5,2017-03-09,07:23:00,12:29:00
AD2A5,2017-12-15,09:05:00,10:54:00
AD2A5,2018-04-04,03:49:00,04:58:00
AD2A5,2017-09-16,02:35:00,04:41:00
F83PZ,2017-02-13,01:51:00,04:16:00
F83PZ,2018-02-01,02:01:00,04:49:00
F83PZ,2017-04-19,10:16:00,11:53:00
F83PZ,2017-02-09,09:48:00,12:15:00
F83PZ,2017-01-16,06:33:00,07:31:00
F83PZ,2017-05-15,05:16:00,11:54:00
F83PZ,2017-11-15,08:36:00,11:24:00
F83PZ,2018-04-18,06:23:00,10:45:00
F83PZ,2017-08-25,09:13:00,10:02:00
F83PZ,2018-04-23,08:21:00,11:48:00
F83PZ,2017-02-20,05:30:00,12:33:00
F83PZ,2017-11-09,02:10:00,03:23:00
F83PZ,2017-11-17,12:37:00,12:39:00
F83PZ,2017-10-21,01:15:00,08:29:00
F83PZ,2018-03-11,01:00:00,09:15:00
F83PZ,2018-02-03,08:16:00,12:09:00
F83PZ,2017-07-11,09:44:00,10:16:00
F83PZ,2018-03-20,08:28:00,12:36:00
F83PZ,2017-10-07,12:01:00,12:04:00
F83PZ,2017-10-07,07:03:00,07:28:00
F83PZ,2017-10-22,08:34:00,09:00:00
F83PZ,2017-05-02,09:26:00,10:37:00
F83PZ,2017-07-13,06:54:00,10:35:00
F83PZ,2017-02-07,05:10:00,05:54:00
F83PZ,2017-08-20,06:52:00,10:29:00
F83PZ,2017-02-28,10:03:00,11:51:00
F83PZ,2017-07-07,01:20:00,05:12:00
F83PZ,2017-02-19,12:21:00,12:28:00
F83PZ,2017-01-21,04:00:00,09:25:00
1AE2H,2017-11-07,00:01:00,10:46:00
1AE2H,2018-01-31,09:03:00,10:24:00
1AE2H,2018-04-04,04:25:00,07:32:00
1AE2H,2018-01-09,05:01:00,09:44:00
1AE2H,2017-11-13,04:46:00,11:04:00
1AE2H,2018-03-22,05:29:00,08:14:00
1AE2H,2017-10-27,11:41:00,12:01:00
1AE2H,2018-01-29,08:37:00,11:26:00
1AE2H,2017-04-29,10:24:00,11:15:00
1AE2H,2017-09-27,09:14:00,11:07:00
1AE2H,2018-01-19,07:08:00,07:51:00
1AE2H,2017-04-30,07:25:00,09:49:00
1AE2H,2017-04-10,00:11:00,08:48:00
1AE2H,2017-07-23,01:19:00,02:03:00
1AE2H,2017-06-10,06:17:00,06:59:00
TQU5U,2018-04-27,06:07:00,09:15:00
TQU5U,2017-09-28,11:59:00,12:21:00
TQU5U,2017-01-01,04:21:00,11:09:00
TQU5U,2017-11-12,02:37:00,10:57:00
06V71,2017-12-24,12:14:00,12:21:00
06V71,2017-03-31,03:29:00,09:27:00
7YL50,2017-02-09,11:23:00,12:32:00
7YL50,2018-04-25,01:24:00,10:13:00
7YL50,2017-04-21,03:15:00,07:45:00
7YL50,2018-04-26,12:12:00,12:22:00
7YL50,2017-10-08,03:58:00,07:28:00
7YL50,2017-04-13,11:04:00,11:48:00
7YL50,2017-11-22,09:34:00,11:58:00
7YL50,2017-03-30,08:27:00,11:53:00
7YL50,2017-08-25,01:20:00,10:07:00
7YL50,2017-02-03,08:56:00,08:58:00
7YL50,2018-01-23,06:11:00,06:41:00
7YL50,2017-10-22,11:34:00,12:38:00
7YL50,2018-03-15,10:24:00,11:43:00
YD4W4,2017-06-25,05:29:00,07:44:00
YD4W4,2017-10-02,05:25:00,07:12:00
YD4W4,2017-09-07,01:04:00,03:34:00
YD4W4,2017-02-11,10:49:00,11:30:00
YD4W4,2018-03-11,12:08:00,12:21:00
YD4W4,2018-04-05,01:56:00,09:03:00
YD4W4,2017-12-30,07:10:00,09:27:00
YD4W4,2018-01-03,10:39:00,12:16:00
YD4W4,2017-12-23,09:57:00,10:34:00
YD4W4,2017-04-12,07:54:00,10:00:00
7A4NF,2017-02-19,02:00:00,11:15:00
7A4NF,2017-02-24,01:34:00,06:25:00
7A4NF,2018-01-13,04:10:00,08:04:00
7A4NF,2018-04-30,09:00:00,11:43:00
7A4NF,2018-04-13,03:08:00,05:47:00
7A4NF,2018-04-25,09:37:00,12:00:00
7A4NF,2017-01-21,01:02:00,08:17:00
7A4NF,2017-04-18,06:18:00,09:26:00
7A4NF,2018-01-01,04:15:00,04:36:00
7A4NF,2018-03-30,03:37:00,06:19:00
7A4NF,2017-03-27,07:00:00,10:56:00
7A4NF,2018-04-09,05:38:00,10:41:00
7A4NF,2017-06-20,05:56:00,06:11:00
7A4NF,2018-01-13,04:09:00,06:37:00
7A4NF,2017-03-24,05:13:00,09:13:00
7A4NF,2017-09-14,07:53:00,08:27:00
7A4NF,2017-06-11,02:37:00,03:50:00
7A4NF,2017-02-19,08:08:00,12:13:00
7A4NF,2017-03-06,12:12:00,12:30:00
7A4NF,2017-05-28,01:05:00,09:34:00
7A4NF,2017-04-16,06:22:00,08:30:00
7A4NF,2018-04-05,09:27:00,10:56:00
7A4NF,2017-06-25,03:38:00,06:27:00
7A4NF,2018-02-10,07:53:00,11:40:00
7A4NF,2017-08-24,01:16:00,10:18:00
J2033,2017-10-03,02:25:00,11:10:00
J2033,2018-01-22,06:41:00,09:34:00
J2033,2017-05-20,07:13:00,10:53:00
J2033,2017-07-07,05:19:00,11:46:00
J2033,2017-05-20,09:36:00,10:42:00
J2033,2017-11-12,07:00:00,11:27:00
J2033,2018-04-18,01:54:00,10:17:00
J2033,2017-10-06,02:25:00,05:05:00
J2033,2017-12-05,11:07:00,11:05:00
J2033,2018-01-31,02:53:00,08:16:00
J2033,2018-03-22,10:01:00,10:42:00
J2033,2017-09-15,06:40:00,06:49:00
J2033,2017-09-05,10:02:00,11:31:00
J2033,2017-06-28,04:05:00,05:02:00
J2033,2017-09-09,03:36:00,09:41:00
J2033,2017-03-26,11:32:00,12:13:00
J2033,2017-07-01,01:25:00,03:27:00
J2033,2017-02-10,10:35:00,11:07:00
J2033,2017-01-01,02:42:00,09:55:00
J2033,2017-06-15,02:38:00,12:05:00
J2033,2018-04-26,02:07:00,08:59:00
J2033,2017-03-11,05:57:00,09:09:00
344VM,2018-02-20,04:42:00,08:09:00
344VM,2017-06-01,07:23:00,10:20:00
344VM,2017-01-31,01:26:00,02:08:00
344VM,2018-01-23,09:28:00,11:04:00
344VM,2017-03-05,03:26:00,08:18:00
344VM,2017-09-15,08:14:00,09:39:00
344VM,2018-04-10,12:09:00,12:22:00
344VM,2018-04-10,08:21:00,11:11:00
344VM,2017-01-25,03:15:00,11:24:00
344VM,2017-10-03,05:22:00,07:31:00
344VM,2018-02-07,08:39:00,11:43:00
344VM,2017-11-17,09:49:00,11:30:00
344VM,2017-05-13,12:21:00,12:38:00
344VM,2017-03-24,02:53:00,10:12:00
344VM,2017-07-23,03:09:00,08:50:00
344VM,2017-11-15,12:34:00,12:39:00
344VM,2017-11-30,00:09:00,05:00:00
344VM,2017-04-29,02:23:00,10:20:00
344VM,2017-01-29,04:20:00,06:36:00
344VM,2018-01-15,11:27:00,12:35:00
X377L,2018-03-15,02:35:00,02:54:00
X377L,2017-07-21,08:33:00,09:33:00
X377L,2017-05-25,10:51:00,11:29:00
X377L,2018-02-23,02:49:00,03:32:00
X377L,2017-04-13,06:03:00,09:21:00
X377L,2018-01-22,09:15:00,10:34:00
X377L,2018-03-07,10:20:00,12:05:00
X377L,2017-04-19,04:12:00,04:10:00
X377L,2017-03-12,01:48:00,08:52:00
X377L,2017-10-11,03:05:00,11:11:00
X377L,2017-04-16,00:05:00,02:22:00
X377L,2018-02-15,05:05:00,07:34:00
X377L,2018-03-15,08:24:00,11:06:00
X377L,2017-10-25,05:45:00,08:00:00
X377L,2017-05-03,07:25:00,08:45:00
X377L,2017-07-30,03:16:00,08:28:00
X377L,2017-07-05,03:30:00,06:02:00
X377L,2017-01-17,08:30:00,11:10:00
X377L,2017-10-31,00:16:00,00:28:00
X377L,2017-05-01,10:36:00,11:12:00
X377L,2017-05-13,05:15:00,06:31:00
X377L,2017-02-26,07:24:00,10:04:00
X377L,2017-10-31,11:44:00,12:31:00
X377L,2017-07-09,02:18:00,04:00:00
X377L,2018-01-14,07:08:00,07:45:00
X377L,2018-04-04,07:14:00,09:07:00
X377L,2018-03-10,09:42:00,11:24:00
X377L,2017-02-27,09:27:00,11:38:00
RXP8M,2017-10-24,07:37:00,11:01:00
RXP8M,2017-10-02,06:06:00,08:31:00
RXP8M,2017-10-13,04:08:00,10:31:00
RXP8M,2018-04-19,09:14:00,11:28:00
RXP8M,2017-01-27,11:11:00,12:12:00
RXP8M,2017-09-02,09:55:00,11:01:00
RXP8M,2017-04-11,09:03:00,09:21:00
RXP8M,2018-01-12,00:20:00,07:00:00
RXP8M,2017-10-16,09:42:00,10:59:00
RXP8M,2017-01-20,05:04:00,10:39:00
RXP8M,2018-02-13,10:46:00,11:06:00
RXP8M,2017-09-09,08:50:00,12:37:00
RXP8M,2018-03-25,11:02:00,11:54:00
RXP8M,2018-01-31,08:47:00,10:15:00
RXP8M,2017-01-25,01:14:00,03:07:00
RXP8M,2017-01-25,08:03:00,10:21:00
RXP8M,2018-03-30,09:43:00,10:04:00
RXP8M,2017-07-13,03:06:00,03:31:00
RXP8M,2017-08-01,12:02:00,12:05:00
RXP8M,2017-07-03,09:33:00,10:18:00
7OG72,2018-02-22,04:20:00,07:49:00
7OG72,2017-06-28,04:02:00,10:37:00
7OG72,2017-03-07,05:27:00,06:31:00
7OG72,2017-04-19,03:34:00,09:10:00
7OG72,2017-12-19,05:18:00,11:26:00
7OG72,2018-04-10,04:33:00,05:02:00
7OG72,2018-02-12,09:24:00,10:27:00
7OG72,2018-04-23,01:40:00,08:08:00
7OG72,2017-03-08,05:00:00,12:13:00
7OG72,2017-01-21,03:27:00,07:23:00
7OG72,2017-09-13,01:00:00,07:09:00
7OG72,2017-09-29,08:16:00,12:00:00
7OG72,2018-04-16,08:49:00,09:24:00
66Z13,2017-05-18,00:33:00,11:55:00
66Z13,2017-02-27,07:07:00,11:59:00
66Z13,2017-02-19,10:51:00,11:25:00
66Z13,2017-05-11,11:48:00,11:57:00
66Z13,2017-01-23,01:01:00,08:09:00
66Z13,2017-04-13,01:30:00,11:30:00
66Z13,2017-09-09,03:30:00,05:14:00
66Z13,2018-03-21,08:15:00,10:13:00
66Z13,2017-12-31,03:02:00,07:36:00
66Z13,2018-04-05,11:17:00,11:56:00
66Z13,2017-01-23,09:11:00,10:31:00
66Z13,2018-04-26,06:06:00,10:03:00
66Z13,2017-01-30,10:58:00,11:20:00
66Z13,2017-11-16,06:30:00,12:28:00
66Z13,2017-03-24,06:28:00,07:02:00
66Z13,2018-04-16,00:21:00,06:02:00
66Z13,2018-01-17,09:23:00,09:23:00
66Z13,2017-03-07,02:56:00,07:32:00
CZ1H8,2017-05-01,09:19:00,10:38:00
CZ1H8,2017-09-05,07:21:00,10:55:00
CZ1H8,2017-11-16,05:57:00,07:30:00
CZ1H8,2017-01-04,05:33:00,11:36:00
CZ1H8,2017-02-20,10:37:00,10:19:00
CZ1H8,2017-03-17,04:20:00,10:16:00
CZ1H8,2017-06-20,02:18:00,07:40:00
CZ1H8,2017-09-29,06:04:00,11:45:00
CZ1H8,2017-01-17,11:49:00,12:31:00
CZ1H8,2017-10-23,05:36:00,11:12:00
CZ1H8,2017-06-20,06:47:00,08:05:00
CZ1H8,2017-09-22,11:23:00,11:52:00
CZ1H8,2017-10-17,06:37:00,11:02:00
CZ1H8,2017-09-27,02:01:00,02:38:00
CZ1H8,2017-10-11,03:09:00,05:34:00
CZ1H8,2018-02-20,03:34:00,06:46:00
CZ1H8,2017-08-28,09:16:00,11:31:00
7U8WH,2017-05-25,03:02:00,05:24:00
7U8WH,2017-07-21,06:27:00,08:37:00
7U8WH,2017-11-28,08:29:00,11:26:00
7U8WH,2018-01-14,02:26:00,07:04:00
7U8WH,2017-01-25,11:49:00,11:51:00
7U8WH,2018-03-06,04:25:00,12:38:00
5VE7U,2018-04-19,00:55:00,11:10:00
5VE7U,2017-01-09,09:38:00,09:15:00
5VE7U,2017-03-13,06:22:00,09:20:00
5VE7U,2018-03-21,06:57:00,10:10:00
5VE7U,2017-09-26,02:29:00,03:39:00
5VE7U,2017-11-15,05:43:00,06:33:00
5VE7U,2017-07-27,07:34:00,10:48:00
5VE7U,2018-03-29,00:53:00,06:16:00
5VE7U,2017-11-30,08:59:00,11:14:00
5VE7U,2017-01-27,05:29:00,12:32:00
5VE7U,2017-02-09,12:02:00,12:09:00
5VE7U,2017-08-28,06:20:00,10:35:00
5VE7U,2017-06-22,03:11:00,07:17:00
5VE7U,2018-04-17,11:04:00,11:02:00
5VE7U,2017-07-14,07:48:00,10:32:00
5VE7U,2018-02-21,01:22:00,05:08:00
5VE7U,2018-03-17,11:36:00,12:13:00
5VE7U,2017-09-30,10:08:00,12:04:00
5VE7U,2018-03-05,06:21:00,09:01:00
5VE7U,2018-01-03,05:02:00,07:01:00
5VE7U,2017-04-16,09:10:00,09:40:00
5VE7U,2017-07-30,02:40:00,10:33:00
5VE7U,2017-02-01,05:19:00,12:28:00
5VE7U,2018-03-15,03:56:00,08:12:00
5VE7U,2017-06-22,03:41:00,05:05:00
5VE7U,2017-05-22,05:49:00,09:36:00
5VE7U,2018-04-12,06:02:00,07:35:00
5VE7U,2018-01-18,09:24:00,10:59:00
5VE7U,2018-02-14,03:25:00,10:05:00
5VE7U,2017-11-22,08:01:00,12:00:00
3DC24,2017-12-29,04:27:00,11:05:00
3DC24,2017-11-04,04:46:00,11:19:00
3DC24,2017-04-19,03:29:00,06:08:00
3DC24,2017-11-08,09:59:00,12:24:00
3DC24,2017-08-29,12:02:00,12:17:00
3DC24,2017-06-03,02:18:00,10:30:00
3DC24,2017-01-12,11:32:00,11:38:00
3DC24,2017-10-04,04:19:00,05:14:00
3DC24,2018-02-19,03:07:00,11:36:00
3DC24,2017-08-31,08:12:00,08:18:00
3DC24,2017-10-06,05:23:00,11:43:00
3DC24,2017-03-29,04:12:00,07:21:00
3DC24,2017-05-17,03:01:00,06:01:00
3DC24,2017-05-06,11:54:00,12:08:00
3DC24,2018-02-22,01:14:00,02:34:00
3DC24,2017-12-20,09:11:00,12:36:00
3DC24,2017-10-02,06:37:00,06:51:00
6LSTG,2018-01-09,04:39:00,05:15:00
6LSTG,2017-12-26,04:12:00,06:27:00
6LSTG,2017-09-02,04:05:00,09:35:00
6LSTG,2017-10-28,06:56:00,11:15:00
6LSTG,2017-04-08,02:17:00,02:26:00
6LSTG,2017-07-08,07:17:00,09:42:00
6LSTG,2017-03-12,08:57:00,09:12:00
6LSTG,2018-02-06,01:09:00,02:57:00
6LSTG,2017-05-07,08:03:00,11:59:00
6LSTG,2017-11-23,06:02:00,11:11:00
6LSTG,2018-03-18,01:53:00,08:34:00
551F6,2017-12-13,02:08:00,12:03:00
551F6,2018-02-24,05:56:00,11:34:00
551F6,2018-02-26,04:48:00,10:37:00
551F6,2017-01-23,12:38:00,12:39:00
551F6,2017-12-29,02:30:00,12:14:00
551F6,2017-12-23,06:38:00,10:36:00
551F6,2017-03-28,04:29:00,08:57:00
551F6,2017-09-19,04:10:00,05:03:00
551F6,2017-05-19,05:11:00,05:28:00
551F6,2017-07-12,09:20:00,11:52:00
551F6,2018-01-27,03:11:00,06:33:00
551F6,2017-07-18,11:24:00,11:50:00
551F6,2017-05-01,08:28:00,09:02:00
551F6,2018-03-18,01:07:00,09:19:00
551F6,2018-03-04,10:12:00,11:00:00
551F6,2018-01-27,01:58:00,11:16:00
551F6,2017-11-21,03:11:00,07:56:00
551F6,2018-04-28,03:37:00,06:20:00
551F6,2018-02-26,01:11:00,01:30:00
551F6,2017-10-23,07:11:00,08:28:00
551F6,2017-01-05,07:50:00,11:55:00
MYQ6A,2018-04-19,06:33:00,12:04:00
MYQ6A,2017-03-28,11:39:00,12:14:00
MYQ6A,2017-08-17,06:39:00,09:51:00
MYQ6A,2018-01-04,04:38:00,09:09:00
MYQ6A,2017-01-31,02:05:00,07:25:00
MYQ6A,2017-03-21,06:03:00,09:01:00
MYQ6A,2017-10-14,01:16:00,09:37:00
MYQ6A,2017-08-06,01:21:00,04:45:00
MYQ6A,2017-11-21,09:32:00,12:37:00
MYQ6A,2017-06-03,08:16:00,11:32:00
MYQ6A,2017-08-17,11:28:00,12:10:00
MYQ6A,2018-01-23,09:36:00,11:21:00
MYQ6A,2018-01-12,10:34:00,11:49:00
MYQ6A,2017-12-17,04:41:00,09:39:00
MYQ6A,2017-08-17,03:12:00,10:48:00
MYQ6A,2017-06-10,03:04:00,12:31:00
MYQ6A,2017-01-23,08:58:00,09:33:00
MYQ6A,2018-01-24,01:24:00,03:41:00
MYQ6A,2017-08-04,03:01:00,08:21:00
MYQ6A,2018-04-11,00:54:00,07:18:00
MYQ6A,2017-02-07,03:00:00,12:23:00
MYQ6A,2017-10-06,06:23:00,09:54:00
MYQ6A,2017-05-25,08:15:00,09:59:00
MYQ6A,2017-07-13,09:30:00,12:37:00
MYQ6A,2017-01-16,04:25:00,09:20:00
MYQ6A,2017-03-21,06:09:00,07:26:00
MYQ6A,2017-02-08,04:11:00,10:02:00
MYQ6A,2017-05-07,08:16:00,09:24:00
MYQ6A,2018-03-27,03:25:00,10:52:00
J5IO8,2017-10-16,02:32:00,06:28:00
J5IO8,2018-02-11,10:07:00,11:39:00
J5IO8,2017-01-06,00:15:00,11:04:00
J5IO8,2017-01-23,05:05:00,06:00:00
J5IO8,2017-07-31,10:14:00,11:39:00
J5IO8,2017-08-17,05:26:00,11:13:00
J5IO8,2018-03-12,03:20:00,06:38:00
J5IO8,2017-04-23,00:25:00,11:33:00
J5IO8,2017-10-31,03:47:00,07:44:00
TLF67,2017-01-06,05:23:00,09:01:00
TLF67,2018-04-12,01:17:00,01:25:00
TLF67,2017-05-17,09:22:00,10:07:00
TLF67,2017-08-08,02:14:00,11:17:00
TLF67,2017-03-06,03:03:00,06:48:00
TLF67,2018-03-04,05:19:00,10:21:00
TLF67,2017-03-24,07:27:00,09:01:00
TLF67,2018-04-05,08:55:00,09:12:00
TLF67,2017-08-21,02:02:00,06:19:00
TLF67,2018-03-08,01:02:00,03:06:00
TLF67,2018-01-30,00:26:00,06:00:00
TLF67,2018-04-10,10:07:00,11:50:00
TLF67,2017-10-25,01:28:00,11:41:00
TLF67,2017-05-03,05:00:00,10:25:00
TLF67,2017-12-23,07:02:00,08:06:00
TLF67,2017-01-28,06:19:00,10:28:00
TLF67,2017-05-12,04:57:00,05:48:00
TLF67,2017-03-25,07:23:00,08:05:00
TLF67,2017-02-01,03:14:00,03:37:00
TLF67,2017-07-12,05:07:00,06:50:00
TLF67,2017-06-10,06:05:00,07:15:00
TLF67,2017-11-14,10:45:00,11:16:00
76W33,2017-08-22,03:31:00,08:43:00
76W33,2017-08-04,06:00:00,09:26:00
76W33,2017-05-07,03:12:00,10:15:00
76W33,2017-11-18,01:01:00,11:26:00
76W33,2018-01-04,02:30:00,05:07:00
76W33,2018-04-02,07:50:00,09:46:00
76W33,2017-11-12,02:49:00,09:49:00
76W33,2017-12-05,09:05:00,12:16:00
76W33,2017-09-08,10:00:00,11:39:00
QN47X,2017-01-28,01:05:00,07:59:00
QN47X,2018-01-21,04:20:00,09:15:00
QN47X,2018-03-29,06:22:00,11:36:00
QN47X,2017-06-02,12:30:00,12:32:00
QN47X,2017-06-06,00:24:00,04:11:00
QN47X,2017-03-31,06:35:00,08:47:00
QN47X,2017-11-14,00:02:00,01:25:00
QN47X,2017-05-06,11:38:00,11:58:00
QN47X,2017-09-10,01:36:00,08:11:00
QN47X,2017-12-02,12:10:00,12:12:00
QN47X,2017-03-02,11:47:00,12:36:00
QN47X,2017-01-26,12:10:00,12:14:00
QN47X,2017-05-14,11:04:00,12:30:00
QN47X,2017-11-25,11:59:00,12:25:00
QN47X,2017-02-27,04:13:00,10:03:00
QN47X,2017-03-16,01:30:00,09:22:00
QN47X,2018-02-08,11:02:00,11:26:00
QN47X,2017-06-01,09:59:00,11:15:00
QN47X,2017-03-19,11:03:00,11:06:00
QN47X,2018-01-16,11:21:00,12:02:00
QN47X,2017-07-21,10:39:00,11:05:00
QN47X,2018-04-05,00:24:00,09:47:00
QN47X,2017-03-09,07:00:00,08:26:00
V5M14,2018-01-26,05:07:00,09:19:00
V5M14,2018-01-30,07:26:00,11:09:00
V5M14,2017-01-24,00:06:00,00:39:00
V5M14,2017-08-29,04:23:00,11:26:00
V5M14,2018-01-05,11:12:00,12:39:00
V5M14,2018-01-12,08:13:00,08:35:00
V5M14,2017-08-14,03:30:00,10:06:00
77Q7L,2017-07-02,05:17:00,07:12:00
77Q7L,2017-09-21,00:07:00,05:15:00
77Q7L,2017-12-26,07:03:00,09:45:00
77Q7L,2017-04-15,08:24:00,08:07:00
77Q7L,2018-01-29,11:10:00,11:44:00
77Q7L,2017-07-28,03:11:00,05:07:00
MZQ3U,2018-03-03,09:48:00,10:00:00
MZQ3U,2017-07-12,01:03:00,04:23:00
MZQ3U,2017-10-27,09:49:00,11:39:00
MZQ3U,2017-12-20,01:13:00,10:29:00
MZQ3U,2017-04-28,03:03:00,12:18:00
MZQ3U,2017-03-06,07:01:00,07:22:00
MZQ3U,2017-12-23,12:03:00,12:10:00
MZQ3U,2018-04-12,02:40:00,10:53:00
MZQ3U,2017-09-22,12:27:00,12:39:00
MZQ3U,2017-02-24,04:06:00,05:59:00
MZQ3U,2017-12-03,09:17:00,09:43:00
MZQ3U,2017-01-09,10:04:00,12:31:00
MZQ3U,2017-10-04,02:49:00,11:01:00
MZQ3U,2018-04-25,08:17:00,10:39:00
MZQ3U,2018-04-24,08:57:00,12:06:00
MZQ3U,2017-12-13,09:37:00,09:21:00
MZQ3U,2018-01-02,05:29:00,06:20:00
MZQ3U,2017-09-12,02:57:00,04:42:00
MZQ3U,2017-01-07,00:38:00,10:14:00
MZQ3U,2018-02-18,00:22:00,03:42:00
MZQ3U,2017-11-09,04:21:00,05:17:00
MZQ3U,2017-02-08,00:50:00,11:15:00
MZQ3U,2017-08-24,01:30:00,06:02:00
MZQ3U,2018-03-15,10:12:00,10:49:00
MZQ3U,2017-02-22,07:26:00,12:19:00
72B16,2017-04-18,02:24:00,04:50:00
72B16,2018-01-14,10:13:00,10:50:00
72B16,2017-05-14,10:24:00,11:07:00
72B16,2018-04-02,01:26:00,11:17:00
72B16,2017-08-29,01:21:00,04:35:00
72B16,2018-01-18,00:46:00,00:57:00
72B16,2017-02-19,07:06:00,08:27:00
72B16,2017-12-21,06:20:00,11:01:00
72B16,2017-06-19,01:56:00,02:15:00
72B16,2017-11-23,06:29:00,09:34:00
72B16,2018-04-06,07:28:00,08:37:00
72B16,2017-08-29,11:21:00,12:29:00
4K76L,2018-03-20,05:15:00,08:36:00
4K76L,2017-08-31,09:30:00,10:14:00
4K76L,2017-10-27,05:01:00,08:00:00
4K76L,2017-08-29,11:54:00,12:16:00
4K76L,2017-11-22,03:33:00,07:40:00
4K76L,2017-02-21,04:32:00,08:11:00
4K76L,2017-12-22,03:44:00,12:24:00
4K76L,2017-05-13,03:10:00,04:05:00
4K76L,2017-10-03,07:43:00,12:11:00
4K76L,2017-05-18,06:21:00,12:27:00
4K76L,2017-05-04,03:47:00,09:48:00
4K76L,2017-08-04,03:41:00,06:47:00
4K76L,2017-05-25,12:02:00,12:20:00
4K76L,2017-10-01,00:20:00,06:03:00
4K76L,2017-04-24,10:05:00,11:35:00
5VK83,2017-01-03,09:39:00,11:24:00
5VK83,2017-07-22,05:18:00,09:05:00
5VK83,2018-03-10,11:03:00,11:59:00
5VK83,2017-07-30,11:18:00,12:22:00
5VK83,2017-07-29,06:16:00,07:46:00
5VK83,2017-12-27,02:38:00,11:09:00
5VK83,2017-03-22,09:21:00,09:24:00
5VK83,2017-07-17,01:51:00,08:11:00
5VK83,2017-11-04,03:12:00,09:24:00
5VK83,2017-09-02,01:04:00,07:22:00
5VK83,2017-01-16,07:28:00,07:29:00
5VK83,2017-04-15,09:38:00,11:39:00
5VK83,2017-04-29,05:42:00,10:12:00
5VK83,2017-06-09,09:17:00,11:22:00
5VK83,2017-08-04,09:49:00,10:47:00
5VK83,2017-04-17,02:17:00,10:29:00
5VK83,2018-03-07,07:27:00,12:03:00
5VK83,2017-07-07,05:35:00,08:17:00
5VK83,2017-10-28,03:21:00,04:23:00
S702J,2017-01-18,01:38:00,06:02:00
S702J,2017-01-14,10:06:00,12:03:00
S702J,2017-09-25,05:23:00,11:34:00
S702J,2017-12-25,05:14:00,10:17:00
S702J,2017-06-20,03:13:00,05:00:00
S702J,2018-02-07,01:14:00,07:39:00
S702J,2017-06-15,01:58:00,04:39:00
S702J,2017-10-20,10:22:00,11:33:00
S702J,2018-04-09,04:22:00,08:14:00
S702J,2018-01-27,04:16:00,09:08:00
S702J,2018-01-06,06:29:00,07:37:00
S702J,2017-06-07,01:15:00,05:06:00
S702J,2017-07-12,09:06:00,09:21:00
S702J,2017-07-15,10:11:00,12:20:00
S702J,2017-05-27,03:34:00,12:28:00
S702J,2018-02-12,08:48:00,10:05:00
S702J,2017-08-01,02:24:00,08:19:00
S702J,2018-02-09,03:25:00,07:46:00
S702J,2017-04-18,12:20:00,12:00:00
S702J,2017-05-16,10:14:00,12:00:00
S702J,2017-08-16,10:13:00,11:28:00
S702J,2017-07-26,11:14:00,11:39:00
S702J,2017-02-06,08:21:00,11:37:00
S702J,2018-04-02,00:43:00,08:21:00
S702J,2017-03-02,04:45:00,11:27:00
S702J,2018-02-25,04:24:00,09:56:00
S702J,2018-01-07,08:30:00,12:38:00
S702J,2017-07-24,03:18:00,07:37:00
S702J,2018-03-03,01:17:00,10:34:00
S702J,2017-02-06,08:31:00,09:34:00
X1IYH,2017-06-03,03:30:00,11:24:00
X1IYH,2017-10-24,10:23:00,11:56:00
X1IYH,2018-01-26,08:14:00,10:58:00
X1IYH,2018-02-01,07:56:00,10:58:00
X1IYH,2018-02-02,04:02:00,09:47:00
X1IYH,2017-09-07,01:51:00,09:00:00
X1IYH,2017-06-10,08:24:00,11:02:00
X1IYH,2017-10-23,11:44:00,12:11:00
X1IYH,2017-03-04,11:53:00,11:57:00
X1IYH,2017-07-25,03:45:00,12:38:00
X1IYH,2017-10-02,00:26:00,04:32:00
X1IYH,2018-01-13,04:14:00,08:00:00
X1IYH,2017-10-15,00:12:00,09:21:00
X1IYH,2017-07-13,12:34:00,12:38:00
X1IYH,2017-05-16,07:02:00,11:08:00
X1IYH,2017-05-26,02:09:00,06:26:00
X1IYH,2018-02-14,10:25:00,11:29:00
X1IYH,2017-03-12,01:33:00,10:48:00
X1IYH,2017-11-02,11:04:00,12:33:00
X1IYH,2017-02-13,12:28:00,12:36:00
X1IYH,2017-08-10,00:13:00,04:17:00
X1IYH,2018-04-10,05:03:00,09:33:00
X1IYH,2017-10-10,02:18:00,07:21:00
X1IYH,2017-04-09,06:31:00,12:30:00
X1IYH,2017-10-16,02:57:00,11:37:00
X1IYH,2017-09-12,02:52:00,11:30:00
X1IYH,2017-12-06,04:09:00,11:21:00
X1IYH,2017-02-21,08:12:00,10:26:00
X1IYH,2017-01-06,07:39:00,08:27:00
X1IYH,2017-10-03,11:50:00,12:01:00
2P828,2017-07-15,00:25:00,08:12:00
2P828,2017-12-18,08:20:00,12:39:00
2P828,2017-01-14,05:27:00,10:14:00
2P828,2017-05-11,08:20:00,09:08:00
2P828,2017-07-31,04:02:00,04:42:00
2P828,2017-03-03,06:47:00,12:20:00
2P828,2017-01-11,01:25:00,10:02:00
2P828,2017-10-17,09:31:00,09:36:00
2P828,2017-10-06,06:00:00,11:03:00
2P828,2017-01-06,01:36:00,05:41:00
QSD41,2018-02-14,07:53:00,11:12:00
QSD41,2017-01-29,09:23:00,12:18:00
QSD41,2017-04-24,05:50:00,09:12:00
QSD41,2017-03-01,11:24:00,11:12:00
QSD41,2017-02-22,03:16:00,07:43:00
QSD41,2017-05-27,12:15:00,12:37:00
QSD41,2017-01-05,02:30:00,10:42:00
QSD41,2017-12-26,02:54:00,05:05:00
QSD41,2018-01-01,09:04:00,09:06:00
QSD41,2018-03-07,05:14:00,11:03:00
QSD41,2018-04-21,11:05:00,12:13:00
QSD41,2018-01-28,05:42:00,07:36:00
QSD41,2017-11-21,06:39:00,07:39:00
QSD41,2018-02-10,04:14:00,08:42:00
QSD41,2018-01-19,02:31:00,02:41:00
QSD41,2017-06-08,10:25:00,11:33:00
QSD41,2017-08-19,04:14:00,08:33:00
QSD41,2017-03-03,01:30:00,04:24:00
QSD41,2017-04-30,05:38:00,11:22:00
QSD41,2017-03-03,02:57:00,10:42:00
QSD41,2018-04-07,09:35:00,11:56:00
QSD41,2017-02-26,05:55:00,06:37:00
V14R0,2018-03-18,10:03:00,12:27:00
V14R0,2017-08-08,02:13:00,12:25:00
V14R0,2017-12-15,05:52:00,09:08:00
V14R0,2017-12-08,04:08:00,09:34:00
V14R0,2017-07-29,10:16:00,11:31:00
V14R0,2017-11-10,06:33:00,08:49:00
20U07,2018-04-08,07:00:00,11:12:00
20U07,2017-01-02,07:38:00,11:20:00
20U07,2017-04-23,06:10:00,06:42:00
20U07,2017-01-31,04:32:00,09:04:00
20U07,2017-05-10,00:08:00,11:21:00
20U07,2018-04-20,06:28:00,09:12:00
20U07,2017-03-14,05:37:00,08:17:00
0EY7M,2017-02-14,01:50:00,03:41:00
0EY7M,2017-09-11,01:36:00,11:01:00
0EY7M,2017-06-27,10:36:00,11:39:00
0EY7M,2017-07-02,00:46:00,12:30:00
0EY7M,2017-08-21,03:08:00,10:09:00
0EY7M,2017-01-02,06:18:00,12:30:00
0EY7M,2017-11-12,09:55:00,11:08:00
0EY7M,2017-06-07,10:54:00,11:02:00
0EY7M,2018-02-05,09:06:00,09:36:00
0EY7M,2018-04-18,09:23:00,11:16:00
0EY7M,2017-02-04,04:11:00,11:24:00
0EY7M,2017-07-16,06:22:00,07:00:00
0EY7M,2018-02-23,12:34:00,12:34:00
0EY7M,2017-02-27,02:37:00,06:17:00
0EY7M,2017-12-28,09:56:00,10:40:00
0EY7M,2018-04-17,01:10:00,07:25:00
0EY7M,2017-03-13,10:45:00,11:11:00
0EY7M,2017-06-30,06:09:00,07:37:00
0EY7M,2017-08-23,10:29:00,11:36:00
0EY7M,2017-08-27,05:08:00,07:24:00
0EY7M,2017-08-28,08:34:00,09:14:00
0EY7M,2017-04-09,01:24:00,09:00:00
0EY7M,2017-03-15,07:24:00,07:17:00
0EY7M,2017-07-20,09:33:00,11:06:00
0EY7M,2018-02-28,01:06:00,03:14:00
0EY7M,2017-07-22,07:04:00,11:13:00
VHN8M,2017-03-30,11:10:00,12:24:00
VHN8M,2017-12-06,07:12:00,08:23:00
VHN8M,2017-05-13,01:46:00,05:43:00
VHN8M,2017-02-04,09:06:00,11:27:00
VHN8M,2018-05-01,06:58:00,10:29:00
VHN8M,2017-03-06,10:26:00,12:00:00
VHN8M,2017-09-01,05:13:00,10:13:00
0WG67,2017-06-27,11:14:00,11:17:00
0WG67,2017-05-26,11:30:00,12:39:00
0WG67,2018-02-27,11:09:00,12:03:00
0WG67,2017-06-15,08:32:00,10:11:00
0WG67,2017-07-30,11:37:00,11:25:00
0WG67,2017-11-17,10:36:00,11:06:00
72244,2017-12-23,04:01:00,09:07:00
72244,2017-01-12,07:21:00,11:31:00
72244,2017-07-03,07:39:00,09:04:00
72244,2017-10-09,10:00:00,10:07:00
72244,2017-06-14,08:12:00,09:35:00
72244,2018-03-02,10:45:00,11:36:00
72244,2017-02-19,11:30:00,12:23:00
TY21F,2017-10-22,03:04:00,11:56:00
TY21F,2017-01-16,09:04:00,12:06:00
TY21F,2017-09-26,09:04:00,12:34:00
TY21F,2018-03-31,03:35:00,06:02:00
TY21F,2017-08-10,03:17:00,10:11:00
TY21F,2018-04-23,12:24:00,12:00:00
TY21F,2017-04-17,10:30:00,11:50:00
TY21F,2017-07-27,10:29:00,11:55:00
TY21F,2017-02-06,05:11:00,07:54:00
TY21F,2017-03-29,11:19:00,12:16:00
TY21F,2017-02-11,05:16:00,12:28:00
TY21F,2017-07-28,12:10:00,12:38:00
TY21F,2017-08-21,04:03:00,08:42:00
TY21F,2017-01-21,11:56:00,12:17:00
TY21F,2017-11-12,04:12:00,11:34:00
TY21F,2017-06-07,08:12:00,11:44:00
TY21F,2017-04-16,08:56:00,11:55:00
TY21F,2018-03-28,03:33:00,06:13:00
TD7DF,2017-11-12,04:27:00,04:18:00
TD7DF,2018-02-27,02:59:00,11:28:00
TD7DF,2017-03-05,04:07:00,06:58:00
TD7DF,2017-03-18,08:04:00,10:27:00
TD7DF,2018-01-26,07:48:00,09:56:00
TD7DF,2017-02-25,12:13:00,12:29:00
TD7DF,2017-08-02,12:09:00,12:35:00
TD7DF,2018-04-30,04:19:00,11:04:00
1YHL3,2017-07-01,02:29:00,12:23:00
1YHL3,2017-01-31,09:09:00,11:19:00
1YHL3,2018-02-09,07:00:00,10:35:00
1YHL3,2017-11-07,03:31:00,06:27:00
1YHL3,2018-04-30,10:03:00,11:34:00
1YHL3,2017-12-16,01:34:00,12:37:00
1YHL3,2017-10-18,10:04:00,11:05:00
1YHL3,2017-02-09,11:31:00,12:15:00
1YHL3,2017-06-10,07:02:00,08:16:00
1YHL3,2017-03-22,05:02:00,06:22:00
1YHL3,2017-02-17,05:07:00,10:20:00
1YHL3,2018-04-12,12:19:00,12:39:00
1YHL3,2017-08-11,02:07:00,05:37:00
1YHL3,2017-11-24,05:21:00,08:39:00
1YHL3,2017-03-28,07:13:00,12:35:00
1YHL3,2017-01-12,02:52:00,08:38:00
1YHL3,2017-08-11,07:14:00,07:26:00
1YHL3,2017-05-10,02:27:00,03:45:00
1YHL3,2017-11-03,04:40:00,11:11:00
1YHL3,2018-02-09,11:36:00,11:28:00
1YHL3,2017-11-02,09:05:00,11:32:00
1YHL3,2017-07-09,08:22:00,12:37:00
1YHL3,2017-05-03,06:56:00,09:07:00
O5U57,2017-11-17,05:14:00,05:32:00
O5U57,2017-07-12,09:15:00,10:55:00
O5U57,2017-03-14,08:45:00,09:45:00
O5U57,2017-02-07,01:43:00,11:07:00
E0ZJ2,2017-10-22,09:55:00,10:25:00
E0ZJ2,2018-02-03,01:11:00,08:41:00
E0ZJ2,2017-04-03,05:23:00,09:55:00
7MWHJ,2017-09-16,05:44:00,06:54:00
7MWHJ,2017-07-21,04:07:00,11:34:00
7MWHJ,2017-04-05,12:05:00,12:17:00
7MWHJ,2017-05-27,09:03:00,10:08:00
7MWHJ,2018-01-31,09:09:00,10:52:00
7MWHJ,2017-07-13,03:08:00,04:05:00
7MWHJ,2017-04-02,03:48:00,11:33:00
7MWHJ,2017-03-18,05:37:00,06:39:00
7MWHJ,2017-10-20,02:13:00,10:35:00
7MWHJ,2017-04-14,02:28:00,12:03:00
7MWHJ,2017-05-17,08:03:00,11:54:00
7MWHJ,2017-04-09,06:13:00,12:34:00
7MWHJ,2018-04-12,11:16:00,11:16:00
7MWHJ,2017-07-23,07:01:00,10:34:00
7MWHJ,2017-05-03,11:29:00,12:02:00
7MWHJ,2017-09-08,09:38:00,09:46:00
7MWHJ,2017-01-10,09:10:00,10:31:00
7MWHJ,2017-01-19,05:39:00,07:16:00
7MWHJ,2018-01-12,07:30:00,12:05:00
7MWHJ,2018-01-09,03:13:00,09:25:00
8I2HW,2017-01-02,01:07:00,02:59:00
8I2HW,2017-05-05,05:15:00,11:33:00
8I2HW,2017-09-15,10:51:00,11:37:00
8I2HW,2017-09-05,06:22:00,06:27:00
8I2HW,2017-07-19,11:01:00,12:25:00
8I2HW,2017-04-23,11:27:00,11:27:00
8I2HW,2018-04-13,09:58:00,10:29:00
8I2HW,2017-04-22,11:47:00,12:29:00
8I2HW,2017-06-14,06:16:00,08:16:00
8I2HW,2017-11-10,07:38:00,09:12:00
8I2HW,2017-06-20,09:08:00,11:09:00
8I2HW,2017-02-22,05:07:00,10:52:00
8I2HW,2017-01-17,12:01:00,12:31:00
8I2HW,2017-08-04,05:13:00,09:33:00
8I2HW,2017-05-17,09:22:00,09:51:00
8I2HW,2018-03-17,01:03:00,05:57:00
R55GR,2017-07-18,00:41:00,07:41:00
R55GR,2017-10-23,02:03:00,05:32:00
R55GR,2017-11-22,08:39:00,09:39:00
R55GR,2017-10-03,02:29:00,06:29:00
R55GR,2017-11-04,05:09:00,10:36:00
R55GR,2017-07-03,09:16:00,10:30:00
R55GR,2017-10-22,07:11:00,09:39:00
R55GR,2017-08-23,06:17:00,08:36:00
R55GR,2017-12-08,04:32:00,09:10:00
R55GR,2017-06-13,12:10:00,12:32:00
R55GR,2017-08-29,08:36:00,11:54:00
R55GR,2017-09-14,03:13:00,09:29:00
R55GR,2018-04-20,12:01:00,12:36:00
R55GR,2017-04-29,01:06:00,01:53:00
R55GR,2017-11-25,02:58:00,09:33:00
R55GR,2018-02-14,06:10:00,11:58:00
R55GR,2017-10-13,12:32:00,12:39:00
R55GR,2017-10-12,07:33:00,08:19:00
R55GR,2017-08-21,00:26:00,08:13:00
R55GR,2017-05-11,02:37:00,06:39:00
R55GR,2018-01-04,10:18:00,11:11:00
R55GR,2017-11-27,07:03:00,09:23:00
R55GR,2017-12-13,05:16:00,06:32:00
2STMK,2017-07-28,06:22:00,08:22:00
2STMK,2017-01-11,09:06:00,11:54:00
2STMK,2017-11-30,11:10:00,12:36:00
2STMK,2017-08-13,00:10:00,11:23:00
2STMK,2017-05-16,12:20:00,12:25:00
2STMK,2018-01-16,04:47:00,10:29:00
2STMK,2017-09-26,00:37:00,06:08:00
2STMK,2018-02-21,11:59:00,12:00:00
2STMK,2017-01-06,09:00:00,10:03:00
2STMK,2018-03-18,10:33:00,11:28:00
2STMK,2017-07-03,11:09:00,11:33:00
C581L,2018-03-16,02:21:00,05:11:00
C581L,2017-09-14,02:01:00,09:23:00
C581L,2017-07-18,07:11:00,09:15:00
C581L,2017-07-30,05:43:00,06:47:00
C581L,2017-11-24,03:46:00,04:51:00
C581L,2017-11-28,02:48:00,06:58:00
C581L,2018-01-11,08:11:00,09:17:00
C581L,2017-11-04,04:22:00,05:10:00
C581L,2017-07-18,02:38:00,03:43:00
C581L,2018-02-04,07:22:00,11:28:00
C581L,2018-01-27,05:03:00,07:34:00
C581L,2017-07-08,10:58:00,11:22:00
C581L,2018-03-24,12:22:00,12:32:00
C581L,2017-09-01,09:13:00,09:54:00
C581L,2017-03-02,07:28:00,08:14:00
C581L,2017-09-13,02:09:00,07:27:00
C581L,2018-04-29,05:21:00,07:07:00
C581L,2017-01-01,00:23:00,11:11:00
C581L,2018-01-04,02:23:00,08:07:00
C581L,2017-01-07,02:44:00,06:35:00
C581L,2018-04-30,01:16:00,06:42:00
C581L,2018-03-10,01:13:00,09:22:00
C581L,2017-08-03,09:39:00,10:25:00
C581L,2017-02-18,08:02:00,09:22:00
C581L,2017-06-08,03:59:00,12:20:00
C581L,2017-12-07,04:35:00,07:57:00
C581L,2017-07-09,09:02:00,11:01:00
C581L,2017-07-05,08:05:00,09:23:00
C581L,2017-08-01,10:05:00,11:31:00
C581L,2017-07-20,10:20:00,10:52:00
WF7P1,2017-09-14,06:15:00,07:34:00
WF7P1,2017-03-12,09:12:00,11:01:00
WF7P1,2018-02-24,03:06:00,07:02:00
WF7P1,2018-01-19,01:22:00,08:03:00
WF7P1,2017-06-28,09:06:00,11:27:00
WF7P1,2017-05-09,12:32:00,12:00:00
WF7P1,2018-03-29,03:52:00,11:22:00
WF7P1,2018-03-16,10:39:00,12:20:00
WF7P1,2017-06-19,08:15:00,09:10:00
WF7P1,2017-03-21,10:16:00,11:19:00
WF7P1,2017-04-12,10:31:00,11:14:00
WF7P1,2017-08-04,00:24:00,06:50:00
WF7P1,2017-07-27,11:14:00,11:22:00
WF7P1,2017-08-09,06:36:00,09:06:00
WF7P1,2017-11-23,09:13:00,12:05:00
WF7P1,2017-05-10,11:04:00,11:32:00
WF7P1,2018-02-25,02:59:00,06:16:00
WF7P1,2018-04-08,04:42:00,06:19:00
WF7P1,2017-10-10,06:16:00,07:21:00
WF7P1,2017-07-07,04:39:00,07:31:00
WF7P1,2017-06-16,05:29:00,06:28:00
WF7P1,2017-12-16,10:04:00,12:09:00
WF7P1,2017-05-16,03:56:00,08:30:00
WF7P1,2017-05-01,08:30:00,12:07:00
WF7P1,2017-05-27,00:05:00,08:28:00
WF7P1,2018-01-18,03:09:00,04:44:00
WF7P1,2017-07-06,03:19:00,09:01:00
MORMA,2017-07-21,07:34:00,07:04:00
MORMA,2017-04-01,11:04:00,12:31:00
MORMA,2017-06-04,10:56:00,11:08:00
MORMA,2017-01-06,10:35:00,10:35:00
MORMA,2017-09-24,06:13:00,08:02:00
MORMA,2017-07-27,02:30:00,05:27:00
MORMA,2017-06-03,04:24:00,10:00:00
MORMA,2018-02-12,03:54:00,10:48:00
MORMA,2017-02-28,00:13:00,02:22:00
MORMA,2017-11-19,06:48:00,11:53:00
MORMA,2017-09-17,01:33:00,11:30:00
MORMA,2017-03-10,09:22:00,12:12:00
MORMA,2018-04-11,11:58:00,12:19:00
MORMA,2017-06-29,06:54:00,11:07:00
MORMA,2017-12-28,10:28:00,11:56:00
MORMA,2018-05-01,10:29:00,12:23:00
MORMA,2018-03-30,05:54:00,11:53:00
MORMA,2017-08-18,05:36:00,05:44:00
MORMA,2017-03-13,06:50:00,11:00:00
MORMA,2017-10-09,09:57:00,11:03:00
MORMA,2018-03-04,10:24:00,11:12:00
MORMA,2018-01-24,04:19:00,04:25:00
MORMA,2017-02-13,05:25:00,05:31:00
MORMA,2017-01-17,07:37:00,10:22:00
MORMA,2017-10-23,05:20:00,07:13:00
MORMA,2017-12-10,05:26:00,10:23:00
48Z38,2017-06-11,08:13:00,11:22:00
48Z38,2017-12-12,11:50:00,11:53:00
48Z38,2017-08-20,09:19:00,09:21:00
48Z38,2018-03-14,03:15:00,11:50:00
48Z38,2017-01-20,05:22:00,11:38:00
F3U8A,2018-04-23,08:28:00,09:46:00
F3U8A,2017-09-18,06:41:00,07:39:00
F3U8A,2017-06-04,10:38:00,10:47:00
F3U8A,2018-02-19,07:35:00,11:11:00
F3U8A,2018-03-15,05:21:00,09:51:00
F3U8A,2017-08-27,04:32:00,06:29:00
F3U8A,2018-04-07,02:16:00,09:02:00
F3U8A,2017-05-05,10:46:00,10:47:00
F3U8A,2017-08-15,03:46:00,05:28:00
F3U8A,2017-05-30,11:55:00,11:57:00
F3U8A,2017-10-20,06:21:00,10:49:00
F3U8A,2018-03-20,01:19:00,09:39:00
F3U8A,2017-09-12,05:00:00,07:34:00
F3U8A,2017-06-01,07:48:00,11:58:00
F3U8A,2017-08-23,01:32:00,04:54:00
F3U8A,2017-04-27,06:19:00,11:34:00
F3U8A,2018-03-12,01:50:00,03:20:00
F3U8A,2017-09-19,02:53:00,12:27:00
F3U8A,2018-01-19,05:39:00,08:08:00
F3U8A,2018-03-24,06:08:00,11:11:00
F3U8A,2017-08-14,01:05:00,10:56:00
F3U8A,2017-10-29,12:30:00,12:38:00
F3U8A,2018-03-11,02:41:00,08:21:00
F3U8A,2018-02-23,08:51:00,11:24:00
F3U8A,2017-07-31,01:37:00,07:18:00
F3U8A,2017-09-13,08:08:00,12:01:00
F3U8A,2017-02-03,07:01:00,12:33:00
F3U8A,2017-07-13,01:14:00,07:56:00
F3U8A,2018-01-28,03:01:00,07:10:00
NF4S2,2017-10-30,00:27:00,04:07:00
NF4S2,2017-04-12,06:31:00,11:47:00
NF4S2,2017-12-20,01:39:00,11:06:00
3JP0X,2018-04-26,02:29:00,03:25:00
3JP0X,2017-03-31,00:32:00,08:27:00
3JP0X,2017-10-02,07:13:00,11:51:00
3JP0X,2018-02-26,08:30:00,09:21:00
3JP0X,2017-09-06,09:00:00,09:39:00
3JP0X,2018-02-09,09:42:00,10:55:00
3JP0X,2017-01-10,07:07:00,12:27:00
3JP0X,2018-04-27,01:19:00,11:25:00
3JP0X,2018-04-18,07:59:00,09:15:00
3JP0X,2018-02-24,07:53:00,09:32:00
3JP0X,2017-11-01,02:37:00,08:27:00
3JP0X,2017-05-17,03:10:00,05:20:00
3JP0X,2017-03-01,09:20:00,10:36:00
3JP0X,2017-07-20,08:13:00,10:09:00
3JP0X,2018-03-06,09:06:00,11:38:00
3JP0X,2018-01-20,05:44:00,11:34:00
3JP0X,2017-09-02,05:58:00,06:32:00
3JP0X,2017-06-13,11:03:00,11:16:00
3JP0X,2017-02-26,01:08:00,11:14:00
3JP0X,2018-01-13,01:20:00,03:56:00
3JP0X,2017-10-23,05:46:00,11:29:00
3JP0X,2017-07-01,09:32:00,11:56:00
3JP0X,2017-07-07,02:03:00,02:23:00
3JP0X,2017-01-01,01:54:00,06:09:00
3JP0X,2017-05-14,06:54:00,08:22:00
3JP0X,2017-07-08,00:09:00,08:37:00
3JP0X,2017-06-23,11:01:00,12:06:00
3JP0X,2018-01-22,09:09:00,12:26:00
3JP0X,2017-05-30,01:27:00,01:03:00
3BRSC,2017-04-25,11:59:00,12:15:00
3BRSC,2018-04-26,01:51:00,02:55:00
3BRSC,2017-03-13,06:16:00,09:36:00
3BRSC,2017-12-18,08:01:00,09:14:00
3BRSC,2017-03-13,11:09:00,11:56:00
3BRSC,2017-03-18,02:18:00,09:04:00
3BRSC,2017-08-11,03:10:00,06:05:00
3BRSC,2017-12-06,08:13:00,10:35:00
3BRSC,2017-06-29,05:34:00,08:31:00
3BRSC,2017-03-27,01:28:00,12:32:00
3BRSC,2018-01-15,03:54:00,08:25:00
RMX31,2018-01-17,07:12:00,08:26:00
58636,2017-08-06,10:29:00,12:26:00
58636,2018-02-20,09:08:00,12:02:00
58636,2018-02-19,02:48:00,08:22:00
58636,2017-07-27,00:22:00,05:28:00
58636,2017-01-17,06:05:00,09:11:00
58636,2018-02-23,07:51:00,09:30:00
58636,2018-01-21,07:33:00,09:57:00
58636,2017-05-08,12:35:00,12:39:00
58636,2017-05-04,07:22:00,12:28:00
58636,2017-01-27,02:15:00,07:28:00
58636,2017-10-31,02:01:00,04:13:00
58636,2018-03-05,05:23:00,05:46:00
58636,2018-01-20,04:02:00,09:43:00
58636,2017-06-10,07:52:00,08:32:00
58636,2017-02-15,04:22:00,08:55:00
58636,2017-04-13,01:54:00,03:01:00
58636,2017-04-22,06:10:00,12:36:00
58636,2017-11-03,01:37:00,07:04:00
58636,2017-05-15,09:13:00,11:02:00
58636,2017-03-08,04:35:00,10:53:00
58636,2017-04-11,07:12:00,08:45:00
58636,2018-04-19,10:34:00,11:00:00
58636,2017-10-03,01:45:00,09:33:00
58636,2017-04-06,12:07:00,12:15:00
58636,2017-12-01,09:02:00,10:58:00
58636,2017-12-20,11:58:00,12:08:00
58636,2017-02-18,03:36:00,04:04:00
58636,2017-08-30,05:41:00,11:29:00
NB387,2017-11-16,05:08:00,09:17:00
NB387,2017-01-24,10:55:00,11:04:00
NB387,2017-08-19,02:31:00,04:30:00
NB387,2017-11-08,03:37:00,09:02:00
NB387,2017-02-10,12:21:00,12:28:00
NB387,2017-05-25,03:44:00,04:48:00
NB387,2017-07-24,10:02:00,11:42:00
NB387,2017-01-19,07:11:00,11:53:00
NB387,2017-08-18,06:08:00,12:11:00
NB387,2017-02-27,04:48:00,11:33:00
NB387,2017-10-21,01:11:00,06:30:00
NB387,2017-06-25,04:06:00,06:47:00
NB387,2018-04-18,07:34:00,09:07:00
NB387,2017-08-10,07:02:00,12:22:00
NB387,2018-02-11,09:06:00,12:25:00
NB387,2017-10-29,04:20:00,11:17:00
NB387,2017-06-21,09:30:00,12:08:00
NB387,2017-01-22,10:11:00,10:21:00
NB387,2017-03-04,08:28:00,12:29:00
NB387,2017-12-04,02:12:00,09:24:00
NB387,2017-07-14,04:47:00,10:26:00
NB387,2017-04-17,05:55:00,07:42:00
NB387,2017-10-23,04:08:00,07:19:00
NB387,2017-03-03,02:05:00,03:56:00
J4ML1,2018-01-14,09:13:00,09:28:00
J4ML1,2017-11-04,11:13:00,12:05:00
J4ML1,2018-02-26,03:24:00,08:14:00
J4ML1,2017-01-12,02:24:00,08:32:00
J4ML1,2017-12-21,05:20:00,07:15:00
J4ML1,2018-01-03,00:28:00,09:25:00
J4ML1,2017-04-21,08:40:00,11:17:00
J4ML1,2017-05-25,00:58:00,03:41:00
J4ML1,2017-11-29,09:34:00,10:17:00
J4ML1,2018-04-04,05:37:00,08:46:00
J4ML1,2017-04-05,10:59:00,11:22:00
J4ML1,2017-06-29,00:29:00,08:10:00
J4ML1,2018-01-08,12:24:00,12:30:00
J4ML1,2017-04-18,12:00:00,12:00:00
J4ML1,2017-03-12,11:26:00,12:02:00
J4ML1,2017-09-10,06:35:00,11:29:00
J4ML1,2017-10-13,10:28:00,11:11:00
J4ML1,2017-04-17,03:30:00,12:08:00
J4ML1,2017-03-19,11:34:00,12:16:00
MN1KI,2017-03-12,10:14:00,10:19:00
MN1KI,2017-01-15,10:01:00,11:09:00
MN1KI,2017-07-18,09:50:00,09:58:00
MN1KI,2018-02-15,02:41:00,08:09:00
MN1KI,2017-10-07,10:58:00,11:00:00
MN1KI,2017-08-30,07:22:00,07:52:00
GE5Q8,2018-02-07,02:38:00,10:32:00
GE5Q8,2017-03-04,02:15:00,10:00:00
GE5Q8,2018-03-04,10:27:00,11:24:00
GE5Q8,2017-09-06,04:08:00,04:36:00
GE5Q8,2017-05-14,01:30:00,05:34:00
GE5Q8,2017-07-30,11:03:00,11:29:00
GE5Q8,2017-05-09,07:29:00,12:23:00
GE5Q8,2018-03-11,03:11:00,04:02:00
GE5Q8,2018-04-05,00:53:00,09:01:00
GE5Q8,2018-01-09,04:07:00,09:59:00
GE5Q8,2017-10-27,11:06:00,12:19:00
GE5Q8,2017-10-26,02:34:00,05:29:00
GE5Q8,2017-07-28,04:04:00,10:35:00
GE5Q8,2018-02-21,12:04:00,12:20:00
GE5Q8,2017-09-23,05:20:00,06:20:00
GE5Q8,2018-02-08,01:14:00,07:33:00
GE5Q8,2017-07-11,09:30:00,10:12:00
GE5Q8,2017-03-17,09:01:00,10:40:00
GE5Q8,2017-05-15,09:25:00,10:38:00
ALP65,2017-03-27,08:23:00,10:58:00
ALP65,2017-07-21,10:39:00,10:45:00
ALP65,2018-04-20,04:08:00,07:16:00
ALP65,2018-02-16,11:02:00,11:34:00
ALP65,2017-02-25,06:07:00,12:02:00
ALP65,2017-03-18,12:39:00,12:39:00
ALP65,2017-12-15,01:42:00,07:07:00
ALP65,2017-09-26,11:10:00,12:26:00
ALP65,2018-03-11,03:32:00,07:19:00
ALP65,2017-08-18,01:12:00,01:11:00
ALP65,2017-09-30,04:27:00,12:23:00
ALP65,2017-06-28,03:07:00,06:38:00
ALP65,2017-08-11,02:14:00,06:53:00
ALP65,2018-04-09,00:04:00,00:43:00
ALP65,2017-06-13,08:00:00,10:39:00
ALP65,2017-10-09,02:16:00,12:36:00
ALP65,2018-04-17,02:29:00,06:50:00
ALP65,2017-06-29,01:26:00,11:20:00
ALP65,2017-03-05,11:05:00,11:09:00
ALP65,2017-01-14,01:13:00,03:33:00
ALP65,2017-08-16,00:33:00,00:41:00
ALP65,2017-11-30,05:06:00,12:12:00
0T622,2017-10-17,09:21:00,11:08:00
0T622,2017-12-07,02:56:00,03:20:00
0T622,2017-03-06,00:12:00,09:15:00
0T622,2018-03-09,05:26:00,07:27:00
0T622,2017-10-25,07:50:00,12:02:00
0T622,2017-05-19,10:11:00,12:19:00
0T622,2018-03-13,03:21:00,06:29:00
0T622,2017-05-07,01:36:00,08:55:00
0T622,2017-08-17,11:21:00,11:31:00
0T622,2017-01-13,06:16:00,07:22:00
0T622,2017-04-21,10:23:00,11:56:00
0T622,2017-02-08,11:27:00,12:04:00
0T622,2018-02-05,06:48:00,10:18:00
8VM1U,2017-02-19,00:23:00,02:31:00
8VM1U,2018-04-27,08:18:00,09:43:00
8VM1U,2017-09-05,10:05:00,11:15:00
8VM1U,2017-12-28,11:57:00,12:22:00
8VM1U,2018-03-20,08:36:00,11:07:00
8VM1U,2017-01-30,05:12:00,10:59:00
8VM1U,2018-04-23,08:19:00,08:19:00
8VM1U,2017-11-13,09:19:00,09:12:00
8VM1U,2017-07-29,07:30:00,11:16:00
8VM1U,2018-04-04,12:03:00,12:35:00
8VM1U,2017-09-02,02:05:00,11:18:00
5SPT1,2018-01-16,07:55:00,09:52:00
5SPT1,2017-06-12,01:38:00,05:33:00
5SPT1,2017-07-21,12:33:00,12:39:00
5SPT1,2017-01-13,10:37:00,11:36:00
5SPT1,2018-01-27,01:55:00,12:18:00
5SPT1,2017-11-21,10:35:00,11:57:00
5SPT1,2017-05-29,08:16:00,12:28:00
5SPT1,2017-11-14,06:30:00,09:34:00
5SPT1,2018-03-16,09:30:00,11:30:00
5SPT1,2017-12-21,04:14:00,06:47:00
5SPT1,2018-02-06,07:37:00,11:02:00
5SPT1,2017-03-25,06:34:00,10:39:00
5SPT1,2017-11-23,01:00:00,07:04:00
5SPT1,2018-01-25,11:35:00,12:17:00
5SPT1,2017-11-22,00:25:00,11:39:00
5SPT1,2017-12-02,06:34:00,08:12:00
5SPT1,2017-05-21,05:39:00,07:44:00
3S8Z0,2018-03-19,01:20:00,10:06:00
3S8Z0,2017-03-05,03:27:00,05:29:00
3S8Z0,2017-08-28,05:17:00,06:23:00
3S8Z0,2017-02-10,08:15:00,09:48:00
3S8Z0,2018-02-17,07:54:00,12:07:00
3S8Z0,2017-07-30,00:13:00,06:46:00
3S8Z0,2017-07-11,04:51:00,11:54:00
3S8Z0,2017-01-12,05:25:00,11:56:00
3S8Z0,2017-01-03,03:03:00,07:26:00
3S8Z0,2017-05-02,11:10:00,12:30:00
3S8Z0,2017-04-21,04:15:00,04:36:00
3S8Z0,2018-04-28,06:20:00,06:35:00
3S8Z0,2017-10-03,02:16:00,10:32:00
3S8Z0,2017-10-12,07:16:00,08:41:00
3S8Z0,2018-01-11,10:25:00,11:38:00
3S8Z0,2018-02-24,10:29:00,10:31:00
3S8Z0,2017-07-17,02:31:00,11:01:00
3S8Z0,2017-09-22,07:59:00,09:49:00
3S8Z0,2017-12-16,03:09:00,07:21:00
3S8Z0,2018-04-26,07:01:00,09:18:00
3S8Z0,2018-03-10,07:32:00,09:25:00
3S8Z0,2017-10-27,08:12:00,09:20:00
3S8Z0,2018-01-07,08:27:00,11:25:00
3S8Z0,2018-04-10,07:35:00,09:23:00
3S8Z0,2017-04-15,12:36:00,12:00:00
3S8Z0,2018-02-03,07:56:00,09:54:00
BL3KC,2017-12-07,08:01:00,12:01:00
BL3KC,2017-04-03,07:33:00,11:06:00
BL3KC,2017-05-11,04:15:00,04:18:00
BL3KC,2017-10-01,01:25:00,06:23:00
BL3KC,2017-11-18,01:05:00,10:03:00
BL3KC,2017-11-22,11:11:00,12:29:00
BL3KC,2017-04-18,05:16:00,11:26:00
BL3KC,2017-11-09,04:20:00,12:10:00
BL3KC,2017-08-09,11:03:00,11:01:00
BL3KC,2018-03-23,05:23:00,09:58:00
BL3KC,2018-04-06,12:17:00,12:23:00
BL3KC,2017-01-08,06:19:00,09:23:00
BL3KC,2018-03-26,09:35:00,11:39:00
BL3KC,2018-04-11,02:25:00,06:38:00
BL3KC,2017-05-02,05:03:00,08:35:00
BL3KC,2017-03-30,06:00:00,09:38:00
BL3KC,2018-02-11,03:06:00,04:17:00
BL3KC,2017-03-12,10:16:00,11:29:00
BL3KC,2017-08-14,08:32:00,08:44:00
BL3KC,2018-01-11,05:19:00,10:32:00
BL3KC,2017-03-08,09:23:00,11:31:00
BL3KC,2017-12-25,11:52:00,12:31:00
BL3KC,2017-08-07,03:03:00,09:26:00
BL3KC,2017-05-14,06:00:00,07:11:00
BL3KC,2017-12-28,11:33:00,11:27:00
BL3KC,2017-04-19,01:24:00,03:24:00
BL3KC,2017-10-21,11:08:00,12:33:00
BL3KC,2018-02-09,07:40:00,12:16:00
BL3KC,2017-05-05,08:13:00,09:55:00
36646,2017-11-28,03:15:00,05:17:00
36646,2017-06-10,10:33:00,12:39:00
36646,2017-07-14,07:05:00,08:37:00
36646,2017-11-02,09:05:00,09:42:00
36646,2018-03-09,04:17:00,10:21:00
36646,2017-01-16,12:39:00,12:00:00
CGQ1A,2017-08-09,03:59:00,11:28:00
CGQ1A,2017-04-26,04:26:00,11:14:00
CGQ1A,2018-03-09,11:29:00,11:56:00
CGQ1A,2017-09-18,01:07:00,02:30:00
CGQ1A,2017-11-22,02:32:00,07:04:00
CGQ1A,2018-01-04,05:55:00,10:45:00
CGQ1A,2017-07-02,04:14:00,07:12:00
CGQ1A,2017-07-15,07:30:00,09:42:00
CGQ1A,2017-06-03,11:38:00,11:04:00
CGQ1A,2018-01-05,01:23:00,11:05:00
CGQ1A,2017-10-11,11:50:00,12:23:00
CGQ1A,2017-08-23,02:23:00,09:14:00
CGQ1A,2017-08-13,03:03:00,04:41:00
CGQ1A,2017-12-13,00:24:00,02:54:00
CGQ1A,2017-04-10,11:00:00,11:46:00
CGQ1A,2018-01-28,07:26:00,08:10:00
CGQ1A,2017-07-19,09:02:00,10:34:00
CGQ1A,2017-09-23,10:49:00,11:19:00
CGQ1A,2017-06-25,02:22:00,06:26:00
CGQ1A,2017-01-10,07:15:00,10:32:00
CGQ1A,2018-02-09,09:18:00,11:35:00
CGQ1A,2017-12-02,11:01:00,11:07:00
CGQ1A,2017-04-01,04:43:00,07:18:00
CGQ1A,2017-11-19,05:25:00,11:49:00
CGQ1A,2017-03-18,02:23:00,10:44:00
CGQ1A,2017-04-28,01:54:00,02:35:00
4SC0G,2018-02-12,08:05:00,11:28:00
4SC0G,2017-02-07,04:31:00,10:58:00
4SC0G,2017-06-08,03:26:00,11:04:00
4SC0G,2017-04-02,09:29:00,12:00:00
4MK73,2017-06-11,03:37:00,09:50:00
4MK73,2017-08-14,09:11:00,11:38:00
4MK73,2017-11-13,10:59:00,11:32:00
82OO1,2017-08-07,05:34:00,07:23:00
82OO1,2017-08-31,07:49:00,08:50:00
82OO1,2017-05-26,09:36:00,10:21:00
82OO1,2017-03-19,09:44:00,11:17:00
82OO1,2017-01-21,08:36:00,11:11:00
82OO1,2017-09-23,07:27:00,07:59:00
82OO1,2017-11-24,09:04:00,10:14:00
82OO1,2017-11-29,02:35:00,03:12:00
82OO1,2017-04-07,09:22:00,09:39:00
82OO1,2018-02-16,05:26:00,09:58:00
2111X,2018-04-02,01:15:00,01:34:00
2111X,2017-12-11,02:15:00,11:40:00
2111X,2018-03-29,02:43:00,09:38:00
2111X,2017-07-11,08:26:00,09:06:00
2111X,2017-01-17,11:02:00,12:20:00
2111X,2017-01-31,01:37:00,05:07:00
2111X,2017-04-10,09:15:00,10:00:00
2111X,2017-05-08,07:29:00,11:25:00
2111X,2017-11-15,11:10:00,11:26:00
2111X,2018-03-29,04:44:00,09:23:00
2111X,2017-06-13,08:29:00,09:23:00
2111X,2017-04-12,03:23:00,03:31:00
2111X,2017-06-22,02:24:00,04:28:00
2111X,2017-06-29,10:03:00,11:21:00
2111X,2018-02-19,05:41:00,09:33:00
2111X,2018-04-03,11:21:00,12:11:00
11ZAK,2017-05-26,06:48:00,09:28:00
11ZAK,2017-03-07,06:07:00,06:07:00
11ZAK,2017-11-24,01:44:00,04:49:00
11ZAK,2017-03-14,09:04:00,10:30:00
11ZAK,2017-11-26,10:24:00,10:31:00
11ZAK,2017-08-08,07:09:00,09:08:00
11ZAK,2017-09-16,07:02:00,09:11:00
11ZAK,2017-04-23,10:21:00,11:05:00
11ZAK,2018-03-29,07:33:00,07:44:00
11ZAK,2018-01-12,03:37:00,05:07:00
11ZAK,2017-06-18,02:56:00,04:09:00
11ZAK,2017-12-24,05:08:00,05:21:00
11ZAK,2017-10-20,04:51:00,08:33:00
11ZAK,2017-08-20,11:07:00,12:06:00
11ZAK,2018-04-09,05:49:00,08:35:00
11ZAK,2017-06-30,02:01:00,07:39:00
11ZAK,2018-01-10,03:34:00,06:18:00
11ZAK,2018-04-08,11:36:00,12:01:00
11ZAK,2017-01-25,08:36:00,08:43:00
HM6U8,2017-08-15,02:12:00,04:36:00
HM6U8,2017-07-22,09:42:00,10:08:00
HM6U8,2018-01-15,05:25:00,08:00:00
HM6U8,2017-11-09,03:32:00,11:50:00
HM6U8,2017-11-13,04:16:00,06:39:00
HM6U8,2017-09-20,02:01:00,11:23:00
HM6U8,2017-03-04,03:28:00,11:33:00
HM6U8,2017-12-02,11:43:00,12:06:00
HM6U8,2017-09-21,10:09:00,10:30:00
HM6U8,2017-02-05,10:43:00,11:07:00
HM6U8,2018-02-18,09:28:00,11:29:00
HM6U8,2018-04-19,08:46:00,12:14:00
HM6U8,2017-02-21,11:14:00,11:35:00
HM6U8,2017-02-24,08:10:00,08:14:00
HM6U8,2017-06-24,03:23:00,10:38:00
HM6U8,2017-06-16,02:32:00,03:33:00
HM6U8,2017-09-03,03:35:00,04:03:00
HM6U8,2017-02-21,06:34:00,08:01:00
2V137,2017-10-03,09:23:00,10:47:00
2V137,2017-06-27,02:26:00,12:17:00
2V137,2017-09-24,04:28:00,09:14:00
2V137,2017-02-04,07:37:00,09:13:00
2V137,2017-02-23,05:42:00,08:49:00
2V137,2017-11-18,04:16:00,06:36:00
2V137,2017-10-17,01:51:00,02:20:00
2V137,2018-01-30,03:36:00,08:27:00
2V137,2017-01-18,02:39:00,06:19:00
2V137,2017-10-04,11:37:00,12:38:00
2V137,2017-07-02,04:09:00,08:44:00
2V137,2017-07-15,09:05:00,09:27:00
2V137,2017-09-09,04:48:00,06:30:00
2V137,2018-03-04,03:21:00,12:27:00
2V137,2018-02-09,01:17:00,06:36:00
4KB72,2017-04-03,07:45:00,08:29:00
4KB72,2017-04-04,08:32:00,10:57:00
4KB72,2018-04-07,08:59:00,10:36:00
4KB72,2017-11-26,10:09:00,10:54:00
4KB72,2018-03-18,04:15:00,08:29:00
4KB72,2017-01-09,06:42:00,08:07:00
4KB72,2017-04-12,05:11:00,10:22:00
4KB72,2018-03-03,03:13:00,08:30:00
4KB72,2017-03-11,07:18:00,08:32:00
4KB72,2017-08-24,03:14:00,10:21:00
4KB72,2017-12-23,12:00:00,12:00:00
4KB72,2017-03-11,06:09:00,07:05:00
4KB72,2017-11-28,00:25:00,08:46:00
4KB72,2018-01-26,03:18:00,07:20:00
4KB72,2017-08-14,01:10:00,11:25:00
4KB72,2017-09-13,02:42:00,06:38:00
4KB72,2017-09-25,10:01:00,10:51:00
4KB72,2017-02-27,12:07:00,12:37:00
4KB72,2017-04-22,10:16:00,11:14:00
4KB72,2017-06-30,04:08:00,09:25:00
48Z7A,2018-01-09,16:00:00,17:30:00
48Z55,2018-01-09,15:30:00,17:00:00
90081,2018-01-09,16:00:00,17:00:00
